Master PCN,Name,Final_Subdivision_Name,Unified_Group_Name,Source,Renamed
1243460850,1001 HIBISCUS LANE PLAT,1001 HIBISCUS LANE PLAT,1001 HIBISCUS LANE,Grouped,True
1243462189,1004-1006 RHODES VILLA,10041006 RHODES VILLA,10041006 RHODES VILLA,Grouped,True
1243461664,101 BUILDING COND,101 BUILDING COND,101 BUILDING COND,Grouped,False
12434616N7,101 SE 7TH AVENUE,101 SE 7TH AVENUE,101 SE 7TH,Grouped,True
12434616M4,104 NE 2ND AVENUE PLAT,104 NE 2ND AVENUE,104 NE 2ND,Grouped,True
1243462079,10TH AND 10TH CENTER,10TH AND 10TH CENTER,10TH AND 10TH,Grouped,True
12434616Q2,111 FIRST DELRAY CONDO,111 FIRST DELRAY CONDO,111 FIRST DELRAY,Grouped,True
1243462085,1107 WALLACE DRIVE,1125 WALLACE DRIVE,1125 WALLACE DRIVE,Grouped,True
1243462084,1125 WALLACE DRIVE,1125 WALLACE DRIVE,1125 WALLACE DRIVE,Grouped,False
12434609B1,1177 MODERNE CONDO,1177 MODERNE CONDO,1177 MODERNE CONDO,Grouped,False
12434609A7,1236 GEORGE BUSH BLVD,1236 GEORGE BUSH BLVD,1236 GEORGE BUSH,Grouped,True
12434616N5,150 OCEANSIDE,150 OCEANSIDE,150 OCEANSIDE,Grouped,False
1243462192,1625 SOUTH OCEAN CONDO,1625 SOUTH OCEAN CONDO,1625 SOUTH OCEAN,Grouped,True
1243462836,SOUTH OCEAN COND,1625 SOUTH OCEAN CONDO,1625 SOUTH OCEAN,Grouped,True
12434616N8,215 MACFARLANE PLAT,215 MACFARLANE PLAT,215 MACFARLANE PLAT,Grouped,False
1243462892,2243 FLORIDA BOULEVARD CONDOMINIUM,2243 FLORIDA BOULEVARD CONDOMINIUM,2243 FLORIDA BOULEVARD,Grouped,True
12434616Q1,236 FIFTH AVENUE CONDO,236 FIFTH AVENUE CONDO,236 FIFTH AVENUE,Grouped,True
12434616R4,246 NE 6TH AVENUE CONDO,246 NE 6TH AVENUE,246 NE 6TH,Grouped,True
1243461865,250 CONGRESS AVENUE CONDO,250 CONGRESS AVENUE CONDO,250 CONGRESS AVENUE,Grouped,True
1243460442,2645 MEDICAL CENTER,2645 MEDICAL CENTER,2645 MEDICAL CENTER,Grouped,False
1243461769,42 NORTH SWINTON CONDO,42 NORTH SWINTON CONDO,42 NORTH SWINTON,Grouped,True
12434616K7,5TH AVENUE AT DELRAY,5TH AVENUE AT DELRAY,5TH AVENUE AT,Grouped,True
12434616M2,5TH AVENUE AT DELRAY CONDO (DEACTIVATED),5TH AVENUE AT DELRAY,5TH AVENUE AT,Grouped,True
1243460999,7 ON 7 PLAT,7 ON 7 PLAT,7 ON 7,Grouped,True
1243460842,912 PLAT,912 PLAT,912 PLAT,Grouped,False
1242461328,A H C # 3 PLAT,A H C 3,A H C,Grouped,True
1243461947,ABBEY DELRAY REPL,ABBEY DELRAY REPL,ABBEY DELRAY,Grouped,True
1243463008,ABBEY DELRAY SOUTH PLAT OF,ABBEY DELRAY SOUTH PLAT,ABBEY DELRAY SOUTH,Grouped,True
1243461648,ADMIRAL APTS CONDOMINIUM,ADMIRAL APTS CONDOMINIUM,ADMIRAL APTS CONDOMINIUM,Grouped,False
1243462873,AIDEN PL 2,AIDEN PL 2,AIDEN 2,Grouped,True
1243462911,AIDEN PL OF (DEACTIVATED),AIDEN PL OF DEACTIVATED,AIDEN OF DEACTIVATED,Grouped,True
1243461692,ALBERTA BEALE INC,ALBERTA BEALE INC,ALBERTA BEALE INC,Grouped,False
1243461949,ALEXAN DELRAY,ALEXAN DELRAY,ALEXAN DELRAY,Grouped,False
1243463026,ALFIERI PUGLIESE PARK OF COMMERCE,ALFIERI PUGLIESE PARK OF,ALFIERI PUGLIESE PARK,Grouped,True
12434616P1,ALL WIDDOWS PLAT,ALL WIDDOWS PLAT,ALL WIDDOWS PLAT,Grouped,False
1243461751,ALLAMANDA GARDENS,ALLAMANDA GARDENS,ALLAMANDA GARDENS,Grouped,False
12434616P2,ALOFT HOTEL PLAT,ALOFT HOTEL PLAT,ALOFT HOTEL PLAT,Grouped,False
1243461866,ALTA CONGRESS,ALTA CONGRESS,ALTA CONGRESS,Grouped,False
1243461663,ANCHORAGE CONDO (DEACTIVATED),ANCHORAGE CONDO DEACTIVATED,ANCHORAGE CONDO DEACTIVATED,Grouped,True
1243462105,ANDERSON BLOCK DELRAY IN,ANDERSON BLOCK DELRAY IN,ANDERSON BLOCK DELRAY,Grouped,True
1243463025,ANDOVER SEC 1,ANDOVER SEC 1,ANDOVER SEC 1,Grouped,False
1243463027,ANDOVER SEC 2,ANDOVER SEC 1,ANDOVER SEC 1,Grouped,True
1243463031,ANDOVER SEC 3,ANDOVER SEC 2,ANDOVER SEC 2,Grouped,True
12434609A9,ANDREWS AVENUE TOWNHOMES,ANDREWS AVENUE TOWNHOMES,ANDREWS AVENUE TOWNHOMES,Grouped,False
1243460824,ANDREWS DAVID SUB,ANDREWS DAVID SUB,ANDREWS DAVID,Grouped,True
12434616D1,ANTILLES PL,ANTILLES PL,ANTILLES,Grouped,True
12434616G6,ANTIQUE EXPERIENCE,ANTIQUE EXPERIENCE,ANTIQUE EXPERIENCE,Grouped,False
1242461314,ARBORIDGE,ARBORIDGE,ARBORIDGE,Grouped,False
1243461946,ARCHER LINPRO CENTER,ARCHER LINPRO CENTER,ARCHER LINPRO CENTER,Grouped,False
1243460959,ARCHER & WARRINER INC % WEDGEWOOD CORP LESSEE 725 PALM TRAIL,ARCHER WARRINER INC WEDGEWOOD,ARCHER WARRINER INC,Grouped,True
1243462823,CAMBRIDGE COND DECL IN,ARDMORE COND DECL IN,ARDMORE COND IN,Grouped,True
1243461637,ARDMORE COND DECL IN,ARDMORE COND DECL IN,ARDMORE COND IN,Grouped,True
1243462119,BALMORAL COND DECL IN,ARDMORE COND DECL IN,ARDMORE COND IN,Grouped,True
1243460736,ARE PLAZA,ARE PLAZA,ARE PLAZA,Grouped,False
1243462054,ARNOLD INDUSTRIAL PARK A COMMERCIAL COND DECL FILED 8-4-88 IN OR5762P1053,ARNOLD INDUSTRIAL PARK A,ARNOLD INDUSTRIAL PARK,Grouped,True
12434616R1,ASEA 4,ASEA 4,ASEA 4,Grouped,False
12434616L6,ASTOR CONDO,ASTOR CONDO,ASTOR CONDO,Grouped,False
1243461821,ATLANTIC AVE VETERINARY CLINIC,ATLANTIC AVE VETERINARY CLINIC,ATLANTIC AVE VETERINARY,Grouped,True
1243460833,ATLANTIC CENTER,ATLANTIC CENTER,ATLANTIC CENTER,Grouped,False
12434616P7,ATLANTIC CROSSING,ATLANTIC CROSSING,ATLANTIC CROSSING,Grouped,False
1243461723,ATLANTIC GARDENS DELRAY IN,ATLANTIC GARDENS DELRAY IN,ATLANTIC GARDENS DELRAY,Grouped,True
1243461760,ATLANTIC GROVE,ATLANTIC GROVE,ATLANTIC GROVE,Grouped,False
1243461761,ATLANTIC GROVE CONDOMINIUM,ATLANTIC GROVE CONDOMINIUM,ATLANTIC GROVE CONDOMINIUM,Grouped,False
1243461772,ATLANTIC GROVE PLAT NO 2,ATLANTIC GROVE PLAT NO,ATLANTIC GROVE PLAT,Grouped,True
1243461719,ATLANTIC PARK GARDENS PRIESTS ADD IN,ATLANTIC PARK GARDENS,ATLANTIC PARK GARDENS,Grouped,True
1243461720,LINCOLN ATLANTIC PARK GARDENS,ATLANTIC PARK GARDENS,ATLANTIC PARK GARDENS,Grouped,True
1243461718,ATLANTIC PARK GARDENS,ATLANTIC PARK GARDENS,ATLANTIC PARK GARDENS,Grouped,False
1243461717,ATLANTIC PINES IN,ATLANTIC PINES IN,ATLANTIC PINES IN,Grouped,False
12434616J8,ROYAL ATLANTIC PLAT (DEACTIVATED),ATLANTIC PLAZA DEACTIVATED,ATLANTIC PLAZA DEACTIVATED,Grouped,True
1243461684,ATLANTIC PLAZA (DEACTIVATED),ATLANTIC PLAZA DEACTIVATED,ATLANTIC PLAZA DEACTIVATED,Grouped,True
1243460987,ATLANTICA DELRAY PL,ATLANTICA DELRAY PL,ATLANTICA DELRAY,Grouped,True
1243463011,GARDENS AT CENTRE DELRAY,ATRIUM AT CENTRE DELRAY,ATRIUM AT CENTRE,Grouped,True
1243463010,ATRIUM AT CENTRE DELRAY,ATRIUM AT CENTRE DELRAY,ATRIUM AT CENTRE,Grouped,True
1243462056,AUBURN TRACE,AUBURN TRACE,AUBURN TRACE,Grouped,False
1243461871,AURA DELRAY BEACH,AURA DELRAY BEACH,AURA DELRAY BEACH,Grouped,False
1243462086,AUTONATION COLLISION CENTER DELRAY BEACH,AUTONATION COLLISION CENTER DELRAY,AUTONATION COLLISION CENTER,Grouped,True
1243462087,AUTONATION LAND ROVER JAGUAR DELRAY BEACH,AUTONATION LAND ROVER JAGUAR,AUTONATION LAND ROVER,Grouped,True
12434616J9,AVENUE EAST PLAT,AVENUE EAST PLAT,AVENUE EAST PLAT,Grouped,False
12434616K2,AVENUE EAST RETAIL CONDOMINIUM,AVENUE EAST RETAIL CONDOMINIUM,AVENUE EAST RETAIL,Grouped,True
1243460830,BACKSTREET HOMES,BACKSTREET HOMES,BACKSTREET HOMES,Grouped,False
1243461687,BAHAMA HOUSE OF DELRAY BEACH COND DECL FILED 11-6-85 IN,BAHAMA HOUSE OF DELRAY,BAHAMA HOUSE OF,Grouped,True
12434616B2,BEACH HOUSE OF DELRAY CONDO (DEACT),BAHAMA HOUSE OF DELRAY,BAHAMA HOUSE OF,Grouped,True
1243463040,VERANO AT DELRAY CONDOMINIUM,BAHIA AT DELRAY CONDOMINIUM,BAHIA AT DELRAY,Grouped,True
1243462945,BAHIA AT DELRAY CONDOMINIUM,BAHIA AT DELRAY CONDOMINIUM,BAHIA AT DELRAY,Grouped,True
1243462952,BAHIA DELRAY TOWNHOMES CONDO,BAHIA DELRAY TOWNHOMES CONDO,BAHIA DELRAY TOWNHOMES,Grouped,True
12434616G4,BANKOFF PLAT,BANKOFF PLAT,BANKOFF PLAT,Grouped,False
1243462190,BANYAN 2020,BANYAN 2020,BANYAN 2020,Grouped,False
1242461223,BANYAN COURT,BANYAN COURT,BANYAN COURT,Grouped,False
1243462130,BANYAN TREE VILLAGE PHASE I &  II COND,BANYAN TREE VILLAGE PHASE,BANYAN TREE VILLAGE,Grouped,True
1243461636,BAR HARBOUR APTS COND DECL IN,BAR HARBOUR APTS COND,BAR HARBOUR APTS,Grouped,True
12434616H1,BAR HARBOUR CONDOMINIUM,BAR HARBOUR CONDOMINIUM,BAR HARBOUR CONDOMINIUM,Grouped,False
1243461693,BARCLAY HOUSE INC,BARCLAY HOUSE INC,BARCLAY HOUSE INC,Grouped,False
1243461644,BARR TERRACE COND DECL IN,BARR TERRACE COND DECL,BARR TERRACE COND,Grouped,True
1243461666,SANDS TERRACE COND DECL FILED 9-28-79,BARR TERRACE COND DECL,BARR TERRACE COND,Grouped,True
1243462122,BARRTON APTS INC CONDOMINIUM PORTION OF BLKS 1 & 12 OSCEOLA PARK (PB3P2) IN DECL IN,BARRTON APTS INC CONDOMINIUM,BARRTON APTS INC,Grouped,True
1242461219,BARWICK RANCH,BARWICK RANCH,BARWICK RANCH,Grouped,False
1243461667,BEACH CABANAS COND DECL FILED  9-27-79,BEACH CABANAS COND DECL,BEACH CABANAS COND,Grouped,True
1243460446,BEACON PLAT,BEACON PLAT,BEACON PLAT,Grouped,False
1243460941,BEEKMAN COND DECL IN,BEEKMAN COND DECL IN,BEEKMAN COND IN,Grouped,True
1243461735,BELAIR HEIGHTS,BELAIR HEIGHTS,BELAIR HEIGHTS,Grouped,False
1243461757,BELAIR HEIGHTS REPL (DEACTIVATED),BELAIR HEIGHTS REPL DEACTIVATED,BELAIR HEIGHTS DEACTIVATED,Grouped,True
1243460853,BELLA DELRAY,BELLA DELRAY,BELLA DELRAY,Grouped,False
12434616H8,BELLA VISTA 1,BELLA VISTA 1,BELLA VISTA 1,Grouped,False
12434616K3,BELLA VISTA CONDOMINIUM,BELLA VISTA CONDOMINIUM,BELLA VISTA CONDOMINIUM,Grouped,False
1243461739,BELLEHAVEN UNIT B IN,BELLEHAVEN UNIT A IN,BELLEHAVEN UNIT A,Grouped,True
1243461721,BELLEHAVEN UNIT A IN,BELLEHAVEN UNIT A IN,BELLEHAVEN UNIT A,Grouped,True
1243462015,BELLVIEW COURT IN,BELLVIEW MANOR IN,BELLVIEW MANOR IN,Grouped,True
1243462002,BELLVIEW MANOR IN,BELLVIEW MANOR IN,BELLVIEW MANOR IN,Grouped,False
1243461647,BENJAMINS L R SUB IN,BENJAMINS L R SUB,BENJAMINS L R,Grouped,True
1243461673,BERKSHIRE BY-THE-SEA COND DECL FILED 3-10-81 IN,BERKSHIRE BYTHESEA COND DECL,BERKSHIRE BYTHESEA COND,Grouped,True
1243462133,BERKSHIRE CONDO,BERKSHIRE CONDO,BERKSHIRE CONDO,Grouped,False
1243462888,BERMUDA GARDEN ESTATES,BERMUDA GARDEN ESTATES,BERMUDA GARDEN ESTATES,Grouped,False
1243462885,BERMUDA GARDENS PL NO 1,BERMUDA GARDENS PL NO,BERMUDA GARDENS NO,Grouped,True
1243462814,BERMUDA HIGH COND DECL IN,BERMUDA HIGH COND DECL,BERMUDA HIGH COND,Grouped,True
1243462815,BERMUDA HIGH SOUTH COND DECL IN OR1662P54 & AMND IN OR1663P1723 OR1713P235 &,BERMUDA HIGH SOUTH COND,BERMUDA HIGH SOUTH,Grouped,True
1243462841,BERMUDA HIGH WEST ONE & TWO COND DECL FILED 9-28-79 OR3145 P1190 & 2-8-80 OR3228P1151,BERMUDA HIGH SOUTH COND,BERMUDA HIGH SOUTH,Grouped,True
1242461222,BEXLEY PARK,BEXLEY PARK,BEXLEY PARK,Grouped,False
12434616R3,BLACKSTAR 318 SE 5TH AVE,BLACKSTAR 318 SE 5TH,BLACKSTAR 318 SE,Grouped,True
12434616D4,BLAIR'S ARCADE CONDO (DEACTIVATED),BLAIRS ARCADE CONDO DEACTIVATED,BLAIRS ARCADE CONDO,Grouped,True
12434616C4,BLAIRS DOWNTOWN SUB,BLAIRS DOWNTOWN SUB,BLAIRS DOWNTOWN,Grouped,True
12434616C6,BLAIRS' DOWNTOWN COND FILED 9-10-93 B7880P1286,BLAIRS DOWNTOWN COND FILED,BLAIRS DOWNTOWN COND,Grouped,True
12434616A9,BLANK-NICHOLS SUB,BLANKNICHOLS SUB,BLANKNICHOLS,Grouped,True
1243461758,BLOCK 60 PARKING COND,BLOCK 60 PARKING COND,BLOCK 60 PARKING,Grouped,True
1243460905,BLUE SE,BLUE SE,BLUE SE,Grouped,False
1243460998,BOND PLAT,BOND PLAT,BOND PLAT,Grouped,False
1243460923,BONNIECREST SUB 3RD ADD IN,BONNIECREST SUB 2ND ADD,BONNIECREST 2ND,Grouped,True
1243460921,BONNIECREST SUB IN,BONNIECREST SUB IN,BONNIECREST IN,Grouped,True
1243460922,BONNIECREST SUB 2ND ADD IN,BONNIECREST SUB IN,BONNIECREST IN,Grouped,True
1243460521,BORDERLINE,BORDERLINE,BORDERLINE,Grouped,False
1243460431,BORTON MOTORS PL 2,BORTON MOTORS,BORTON MOTORS,Grouped,True
1243460428,BORTON MOTORS,BORTON MOTORS,BORTON MOTORS,Grouped,False
1242462406,BOUGAINVILLA,BOUGAINVILLA,BOUGAINVILLA,Grouped,False
1242461333,BOYS FARMERS MARKET,BOYS FARMERS MARKET,BOYS FARMERS MARKET,Grouped,False
1243461936,BRANCH BANK OF LANTANA,BRANCH BANK OF LANTANA,BRANCH BANK OF,Grouped,True
1242461401,BREEZY ACRES IN,BREEZY ACRES IN,BREEZY ACRES IN,Grouped,False
1243461802,BREEZY RIDGE EST REPL IN,BREEZY RIDGE ESTS IN,BREEZY RIDGE ESTS,Grouped,True
1243461801,BREEZY RIDGE ESTS IN,BREEZY RIDGE ESTS IN,BREEZY RIDGE ESTS,Grouped,True
1243461003,BRIDGEHAMPTON INC 800 N OCEAN BLVD DELRAY BEACH FL,BRIDGEHAMPTON INC 800 N,BRIDGEHAMPTON INC 800,Grouped,True
1243462129,BROOKS LANE COND,BROOKS LANE COND,BROOKS LANE COND,Grouped,False
12434616C2,BUDS CHICKEN & SEAFOOD OF DELRAY BEACH,BUDS CHICKEN SEAFOOD OF,BUDS CHICKEN SEAFOOD,Grouped,True
1243462936,BUILDERS SQUARE-LINTON CENTER,BUILDERS SQUARELINTON CENTER,BUILDERS SQUARELINTON CENTER,Grouped,True
1243461824,C E WOLF SUB,C E WOLF SUB,C E WOLF,Grouped,True
1243460966,CAMBRIA CREST,CAMBRIA CREST,CAMBRIA CREST,Grouped,False
12434616K9,CANNERY ROW,CANNERY ROW,CANNERY ROW,Grouped,False
12434616N6,CANNERY ROW REPLAT OF LOTS 11-13,CANNERY ROW REPLAT OF,CANNERY ROW OF,Grouped,True
1243463333,CAPTAINS WALK COND DECL FILED  4-23-86,CAPTAINS WALK COND DECL,CAPTAINS WALK COND,Grouped,True
1242461336,CARLSON BLACK PLAT,CARLSON BLACK PLAT,CARLSON BLACK PLAT,Grouped,False
1243461736,CARVER MEMORIAL PARK IN,CARVER MEMORIAL PARK IN,CARVER MEMORIAL PARK,Grouped,True
1243461741,CARVER PARK IN,CARVER PARK IN,CARVER PARK IN,Grouped,False
1243462125,CASA DEL MAR COND,CASA DEL MAR COND,CASA DEL MAR,Grouped,True
12434616D5,CASA LA BRISA,CASA LA BRISA,CASA LA BRISA,Grouped,False
1243461694,CASA MIA DELRAY INC,CASA MIA DELRAY INC,CASA MIA DELRAY,Grouped,True
1243462878,CASA PLAYA COND,CASA PLAYA COND,CASA PLAYA COND,Grouped,False
1243461776,CASON COURT,CASON COURT,CASON COURT,Grouped,False
1243461775,CASON UNITED METHODIST CHURCH,CASON UNITED METHODIST CHURCH,CASON UNITED METHODIST,Grouped,True
1243461688,CASUARINA AT DELRAY CONDO ASSN,CASUARINA AT DELRAY CONDO,CASUARINA AT DELRAY,Grouped,True
12434616Q3,CASUARINA ROAD REPLAT,CASUARINA ROAD REPLAT,CASUARINA ROAD,Grouped,True
1243463039,CATALFUMO POC PL (DEACTIVATED),CATALFUMO POC PL DEACTIVATED,CATALFUMO POC DEACTIVATED,Grouped,True
1243461845,CAUSEWAY LUMBER PL,CAUSEWAY LUMBER PL,CAUSEWAY LUMBER,Grouped,True
12434616M8,CDS DELRAY REDEVELOPMENT (DEACTIVATED),CDS DELRAY REDEVELOPMENT DEACTIVATED,CDS DELRAY REDEVELOPMENT,Grouped,True
12434616Q8,CENTENNIAL SQUARE,CENTENNIAL SQUARE,CENTENNIAL SQUARE,Grouped,False
1243460990,CENTRES DELRAY BEACH,CENTRES DELRAY BEACH,CENTRES DELRAY BEACH,Grouped,False
1242461203,CHATELAINE PL NO 1 PB 29 PGS 94 & 95,CHATELAINE PL NO 1,CHATELAINE NO 1,Grouped,True
1243461756,CHECKERS ATLANTIC DELRAY PL,CHECKERS ATLANTIC DELRAY PL,CHECKERS ATLANTIC DELRAY,Grouped,True
1243460851,CHEROKEE PLAT,CHEROKEE PLAT,CHEROKEE PLAT,Grouped,False
1243461837,CHEVRON 50128 TRACT,CHEVRON 50128 TRACT,CHEVRON 50128 TRACT,Grouped,False
1243460940,CHEVY CHASE COND DECL IN,CHEVY CHASE COND DECL,CHEVY CHASE COND,Grouped,True
1243460806,CHEVY CHASE IN,CHEVY CHASE IN,CHEVY CHASE IN,Grouped,False
1243462058,CHRIST MISSIONARY BAPTIST CHURCH,CHRIST MISSIONARY BAPTIST CHURCH,CHRIST MISSIONARY BAPTIST,Grouped,True
1243462132,CHURCHILL COND DECL FILED 4-10-80,CHURCHILL COND DECL FILED,CHURCHILL COND FILED,Grouped,True
1242462515,CITATION CLUB,CITATION CLUB,CITATION CLUB,Grouped,False
1242462517,CITATION CLUB REPL,CITATION CLUB,CITATION CLUB,Grouped,True
12434616K5,CITY WALK AT PINEAPPLE GROVE CONDOMINIUM,CITY WALK AT PINEAPPLE,CITY WALK AT,Grouped,True
1243460910,CLARKE RUNGE ADD IN,CLARKE RUNGE ADD IN,CLARKE RUNGE IN,Grouped,True
1243461948,CLEARBROOK PARK,CLEARBROOK PARK,CLEARBROOK PARK,Grouped,False
1243461746,CLINTON & MORGAN SUB,CLINTON MORGAN SUB,CLINTON MORGAN,Grouped,True
1243461668,COACH GATE COND,COACH GATE COND,COACH GATE COND,Grouped,False
1243462840,ACACIA HOUSE COND DECL FILED 4-13-79,COASTAL HOUSE COND DECL,COASTAL HOUSE COND,Grouped,True
1243462825,COASTAL HOUSE COND DECL IN,COASTAL HOUSE COND DECL,COASTAL HOUSE COND,Grouped,True
1242461425,COCONUT KEY,COCONUT KEY,COCONUT KEY,Grouped,False
1243462874,COCONUT PALMS,COCONUT PALMS,COCONUT PALMS,Grouped,False
1243461764,CODA,CODA,CODA,Grouped,False
1243461770,CODA REPLAT NO 1,CODA REPLAT NO 1,CODA NO 1,Grouped,True
1243460835,COLNON SUB,COLNON SUB,COLNON,Grouped,True
1243460839,COLNON SUBDIVISION REPL,COLNON SUBDIVISION REPL,COLNON SUBDIVISION,Grouped,True
1243462003,COLONIAL HGTS SUB IN,COLONIAL HGTS SUB IN,COLONIAL HGTS IN,Grouped,True
1242461340,COLONY PALMS,COLONY PALMS,COLONY PALMS,Grouped,False
12434616E2,COLRIDGE COND,COLRIDGE COND,COLRIDGE COND,Grouped,False
1243461649,COMMODORE APARTMENTS COND,COMMODORE APARTMENTS COND,COMMODORE APARTMENTS COND,Grouped,False
1243461833,COMMONS,COMMONS,COMMONS,Grouped,False
1243460826,COMMUNITY CHILD CARE CENTER,COMMUNITY CHILD CARE CENTER,COMMUNITY CHILD CARE,Grouped,True
1243460837,COMMUNITY CHILD CARE CENTER REPL 1,COMMUNITY CHILD CARE CENTER,COMMUNITY CHILD CARE,Grouped,True
1243461856,CONGRESS AT ATLANTIC PARCEL,CONGRESS AT ATLANTIC PARCEL,CONGRESS AT ATLANTIC,Grouped,True
1243461823,CONGRESS AVE AUTO CENTER,CONGRESS AVE AUTO CENTER,CONGRESS AVE AUTO,Grouped,True
1243460743,CONGRESS COMMERCE CENTER CONDOMINIUM,CONGRESS COMMERCE CENTER CONDOMINIUM,CONGRESS COMMERCE CENTER,Grouped,True
1243460741,CONGRESS COMMERCE CENTER REPL,CONGRESS COMMERCE CENTRE,CONGRESS COMMERCE CENTRE,Grouped,True
1243460739,CONGRESS COMMERCE CENTRE,CONGRESS COMMERCE CENTRE,CONGRESS COMMERCE CENTRE,Grouped,False
1243461853,CONGRESS INDUSTRIAL SQUARE,CONGRESS INDUSTRIAL SQUARE,CONGRESS INDUSTRIAL SQUARE,Grouped,False
1243461844,CONGRESS O P PL,CONGRESS O P PL,CONGRESS O P,Grouped,True
1243461825,CONGRESS PARK (DEACTIVATED),CONGRESS PARK DEACTIVATED,CONGRESS PARK DEACTIVATED,Grouped,True
1243461862,CONGRESS PARK OFFICE CONDOMINIUM,CONGRESS PARK OFFICE CONDOMINIUM,CONGRESS PARK OFFICE,Grouped,True
1243461855,CONGRESS PARK REPL,CONGRESS PARK SOUTH REPL,CONGRESS PARK SOUTH,Grouped,True
1243461842,CONGRESS PARK SOUTH REPL,CONGRESS PARK SOUTH REPL,CONGRESS PARK SOUTH,Grouped,True
1243460740,CONGRESS PROFESSIONAL BUILDING CONDOMINIUM,CONGRESS PROFESSIONAL BUILDING CONDOMINIUM,CONGRESS PROFESSIONAL BUILDING,Grouped,True
1243461830,CONGRESS SQUARE,CONGRESS SQUARE,CONGRESS SQUARE,Grouped,False
1243461827,CONGRESS SQUARE PHASE ONE,CONGRESS SQUARE PHASE ONE,CONGRESS SQUARE PHASE,Grouped,True
1243461654,CORAL COVE COND,CORAL COVE COND,CORAL COVE COND,Grouped,False
1243461854,CORAL TRACE,CORAL TRACE,CORAL TRACE,Grouped,False
1243461864,CORAL TRACE OFFICE PARK CONDOMINIUM,CORAL TRACE OFFICE PARK,CORAL TRACE OFFICE,Grouped,True
1243461861,CORAL TRACE OFFICE PARK,CORAL TRACE OFFICE PARK,CORAL TRACE OFFICE,Grouped,True
1243462167,CORALINA VILLAGE PL,CORALINA VILLAGE PL,CORALINA VILLAGE,Grouped,True
1243461771,COREY ISLE,COREY ISLE,COREY ISLE,Grouped,False
1243462165,CORNICHE REPL 1,CORNICHE REPL,CORNICHE,Grouped,True
1243462164,CORNICHE REPL,CORNICHE REPL,CORNICHE,Grouped,True
1243463028,CORPORATE TECH CENTER PL 2,CORPORATE TECH CENTER,CORPORATE TECH CENTER,Grouped,True
1243463021,CORPORATE TECH CENTER,CORPORATE TECH CENTER,CORPORATE TECH CENTER,Grouped,False
1243462846,COSTA DEL REY NORTH COND DECL  FILED 1-19-81,COSTA DEL REY COND,COSTA DEL REY,Grouped,True
1243462835,COSTA DEL REY COND,COSTA DEL REY COND,COSTA DEL REY,Grouped,True
1243462932,COSTCO WHOLESALE-DELRAY BEACH (DEACT),COSTCO WHOLESALEDELRAY BEACH DEACT,COSTCO WHOLESALEDELRAY BEACH,Grouped,True
1242461301,COUNTRY CLUB ACRES,COUNTRY CLUB ACRES,COUNTRY CLUB ACRES,Grouped,False
1242461302,COUNTRY CLUB ACRES FIRST ADD IN,COUNTRY CLUB ACRES,COUNTRY CLUB ACRES,Grouped,True
1242461303,COUNTRY CLUB ACRES 2ND ADD,COUNTRY CLUB ACRES FIRST,COUNTRY CLUB ACRES,Grouped,True
1242461204,"COUNTRY MANORS COND 1,2,3,4,5, 6,7 & 8",COUNTRY MANORS COND 12345,COUNTRY MANORS COND,Grouped,True
1242461205,COUNTRY MANORS SEC 1 PB30P125&126,COUNTRY MANORS SEC 1,COUNTRY MANORS SEC,Grouped,True
1243462829,COURT OF DELRAY CONDO,COURT OF DELRAY CONDO,COURT OF DELRAY,Grouped,True
1243460983,COURTYARDS AT MARTEL ARMS CONDOMINIUM,COURT YARDS AT MARTEL,COURT YARDS AT,Grouped,True
1243460982,COURT YARDS AT MARTEL ARMS (DEACTIVATED),COURT YARDS AT MARTEL,COURT YARDS AT,Grouped,True
12434616E7,COURTYARDS OF DELRAY,COURTYARDS OF DELRAY,COURTYARDS OF DELRAY,Grouped,False
12434616A7,COVE 4 CONDO,COVE 4 CONDO,COVE 4 CONDO,Grouped,False
12434616A8,CREGO SUB AMEND PL 3,CREGO SUB AMEND PL,CREGO,Grouped,True
1243461657,CREST COND APTS,CREST COND APTS,CREST COND APTS,Grouped,False
1243460807,CREST LAKE PARK DELRAY IN,CREST LAKE PARK DELRAY,CREST LAKE PARK,Grouped,True
1243460935,CRESTWOOD DELRAY IN,CRESTWOOD DELRAY IN,CRESTWOOD DELRAY IN,Grouped,False
1243463016,CROSSWINDS PHASE II,CROSSWINDS PHASE 1,CROSSWINDS PHASE 1,Grouped,True
1243463012,CROSSWINDS PHASE 1,CROSSWINDS PHASE 1,CROSSWINDS PHASE 1,Grouped,False
1243460838,CRUZAN CORNER IN,CRUZAN CORNER IN,CRUZAN CORNER IN,Grouped,False
1243461661,CURRIE JOHN B SUB,CURRIE JOHN B SUB,CURRIE JOHN B,Grouped,True
1243462928,D B O ACRES,D B O ACRES,D B O,Grouped,True
1243462935,D B O ACRES PL 2,D B O ACRES,D B O,Grouped,True
1243460974,DANZANSKY PL,DANZANSKY PL,DANZANSKY,Grouped,True
1243462883,DARRENS RIDGE,DARRENS RIDGE,DARRENS RIDGE,Grouped,False
1243460407,DECARIE SUB IN,DECARIE SUB IN,DECARIE IN,Grouped,True
1243462824,DEL HARBOUR COND DECL IN,DEL HARBOUR COND DECL,DEL HARBOUR COND,Grouped,True
1243462157,DEL HARBOUR COND DECL FILED 6-28-89,DEL HARBOUR COND DECL,DEL HARBOUR COND,Grouped,True
1243462116,DEL HARBOUR IN,DEL HARBOUR IN,DEL HARBOUR IN,Grouped,False
1243462807,DEL RATON PARK IN PB 14 PGS 9 & 10,DEL IDA PARK IN,DEL IDA PARK,Grouped,True
1243460984,DEL IDA POINT PLAT,DEL IDA POINT PLAT,DEL IDA POINT,Grouped,True
1243462808,DEL RATON PARK 1ST ADD,DEL RATON PARK IN,DEL RATON PARK,Grouped,True
1243462940,DEL RATON PARK REPL 1,DEL RATON PARK 1ST,DEL RATON PARK,Grouped,True
1242462505,DEL-AIRE GOLF CLUB FIRST ADD,DELAIRE GOLF CLUB,DELAIRE GOLF CLUB,Grouped,True
1242462502,DEL-AIRE GOLF CLUB,DELAIRE GOLF CLUB,DELAIRE GOLF CLUB,Grouped,True
1242462507,DEL-AIRE GOLF CLUB SECOND ADD,DELAIRE GOLF CLUB FIRST,DELAIRE GOLF CLUB,Grouped,True
1243462121,DELHAVEN COND DECL IN,DELHAVEN COND DECL IN,DELHAVEN COND IN,Grouped,True
1243460994,DELL GROVE,DELL GROVE,DELL GROVE,Grouped,False
1243460967,DELL PARK REPL,DELL PARK REPL,DELL PARK,Grouped,True
1243460928,DELL PARK IN,DELL PARK IN,DELL PARK IN,Grouped,False
1243460929,DEL IDA PARK IN,DELL PARK IN,DELL PARK IN,Grouped,True
12434616F9,DELRAY 403,DELRAY 403,DELRAY 403,Grouped,False
12434628A3,DELRAY EAST TOWNHOMES,DELRAY 7 TOWNHOMES,DELRAY 7 TOWNHOMES,Grouped,True
1243462898,DELRAY 7 TOWNHOMES,DELRAY 7 TOWNHOMES,DELRAY 7 TOWNHOMES,Grouped,False
1243461754,DELRAY AMOCO,DELRAY AMOCO,DELRAY AMOCO,Grouped,False
1243463032,DELRAY BAY,DELRAY BAY,DELRAY BAY,Grouped,False
1243461712,DELRAY BCH SUB PL OF BLK 64,DELRAY BCH RESUB BLK,DELRAY BCH BLK,Grouped,True
1243461706,DELRAY BCH RESUB BLK 29 IN,DELRAY BCH SUB BLK,DELRAY BCH BLK,Grouped,True
1243461711,DELRAY BCH RESUB BLK 54 S 1/2,DELRAY BCH SUB BLK,DELRAY BCH BLK,Grouped,True
1243461704,DELRAY BCH RESUB BLK 17 IN,DELRAY BCH SUB BLK,DELRAY BCH BLK,Grouped,True
1243462035,DELRAY BEACH CEMETARY REPL,DELRAY BCH CEMETERY REPL,DELRAY BCH CEMETERY,Grouped,True
1243461618,DELRAY BCH ESPLANADE IN,DELRAY BCH ESPLANADE IN,DELRAY BCH ESPLANADE,Grouped,True
1243462115,DELRAY BCH SHORES IN,DELRAY BCH HGTS IN,DELRAY BCH HGTS,Grouped,True
1243462005,DELRAY BCH HGTS EXT SEC A IN,DELRAY BCH HGTS IN,DELRAY BCH HGTS,Grouped,True
1243462025,DELRAY BCH HGTS EXT SEC B IN,DELRAY BCH HGTS IN,DELRAY BCH HGTS,Grouped,True
1243462029,DELRAY BCH HGTS EXT SEC A & B IN,DELRAY BCH HGTS IN,DELRAY BCH HGTS,Grouped,True
1243462030,DELRAY BCH HGTS 1ST ADD IN,DELRAY BCH HGTS EXT,DELRAY BCH HGTS,Grouped,True
1243461904,DELRAY BCH HIGHLANDS SEC 3 IN,DELRAY BCH HIGHLANDS SEC,DELRAY BCH HIGHLANDS,Grouped,True
1243461903,DELRAY BCH HIGHLANDS SEC 2 IN,DELRAY BCH HIGHLANDS SEC,DELRAY BCH HIGHLANDS,Grouped,True
1243461902,DELRAY BCH HIGHLANDS SEC 1 IN,DELRAY BCH HIGHLANDS SEC,DELRAY BCH HIGHLANDS,Grouped,True
1243461705,DELRAY BCH REPL OF PT OF BLK 27,DELRAY BCH REPL OF,DELRAY BCH OF,Grouped,True
1243461603,DELRAY BCH RESUB PT BLK 66 IN,DELRAY BCH SUB PT,DELRAY BCH PT,Grouped,True
1243461602,DELRAY BCH SUB PT BLK 56 IN,DELRAY BCH SUB PT,DELRAY BCH PT,Grouped,True
1243461702,DELRAY BCH SUB BLK 5 IN,DELRAY BCH RESUB PT,DELRAY BCH PT,Grouped,True
1243461707,DELRAY BCH RESUB PT BLKS 38 & 39 IN,DELRAY BCH SUB PT,DELRAY BCH PT,Grouped,True
1243461709,DELRAY BCH SUB BLK 42 IN,DELRAY BCH RESUB PT,DELRAY BCH PT,Grouped,True
1243462027,DELRAY BEACH CEMETERY REPLAT,DELRAY BEACH CEMETERY REPLAT,DELRAY BEACH CEMETERY,Grouped,True
1243462028,"DELRAY BCH CEMETERY REPL BLK 7, 8, 9 & 10 LTS 1 TO 18 IN",DELRAY BEACH CEMETERY REPLAT,DELRAY BEACH CEMETERY,Grouped,True
1243462834,DELRAY BEACH CLUB RESIDENCES CONDO,DELRAY BEACH CLUB RESIDENCES,DELRAY BEACH CLUB,Grouped,True
1243461766,DELRAY BEACH CRA NW 5TH AVENUE PL,DELRAY BEACH CRA NW,DELRAY BEACH CRA,Grouped,True
1243462004,DELRAY BCH HGTS IN,DELRAY BEACH ESTS IN,DELRAY BEACH ESTS,Grouped,True
1243460408,DELRAY BEACH ESTS IN,DELRAY BEACH ESTS IN,DELRAY BEACH ESTS,Grouped,True
1243461768,DELRAY BEACH FAIRFIELD INN PL,DELRAY BEACH FAIRFIELD INN,DELRAY BEACH FAIRFIELD,Grouped,True
1243462063,DELRAY BEACH MEMORIAL GARDENS PL 1,DELRAY BEACH MEMORIAL GARDENS,DELRAY BEACH MEMORIAL,Grouped,True
1243462065,DELRAY BEACH MEMORIAL GARDENS  BLK 20,DELRAY BEACH MEMORIAL GARDENS,DELRAY BEACH MEMORIAL,Grouped,True
1243462066,DELRAY BEACH MEMORIAL GARDENS PL 2,DELRAY BEACH MEMORIAL GARDENS,DELRAY BEACH MEMORIAL,Grouped,True
12434616D2,DELRAY BEACH YACHT CLUB COND DEC FILED 8-16-95 IN OR8878P1484,DELRAY BEACH YACHT CLUB,DELRAY BEACH YACHT,Grouped,True
12434616C9,DELRAY BEACH YACHT CLUB (DEACTIVATED),DELRAY BEACH YACHT CLUB,DELRAY BEACH YACHT,Grouped,True
1243462899,DELRAY CHEVROLET,DELRAY CHEVROLET,DELRAY CHEVROLET,Grouped,False
1243460958,DELRAY COLONIAL INC,DELRAY COLONIAL INC,DELRAY COLONIAL INC,Grouped,False
1242461438,DELRAY COMMONS REPLAT,DELRAY COMMONS REPLAT,DELRAY COMMONS,Grouped,True
1242461439,DELRAY COMMONS BURGER KING REPL,DELRAY COMMONS BURGER KING,DELRAY COMMONS BURGER,Grouped,True
1242461424,DELRAY COMMONS (DEACTIVATED),DELRAY COMMONS DEACTIVATED,DELRAY COMMONS DEACTIVATED,Grouped,True
1243462156,DELRAY DENTAL SPECIALISTS FILED 7-26-88 IN OR5753P1981,DELRAY DENTAL SPECIALISTS FILED,DELRAY DENTAL SPECIALISTS,Grouped,True
1243462166,DELRAY OCEAN ESTATES,DELRAY ESTATES,DELRAY ESTATES,Grouped,True
1243461908,DELRAY ESTATES,DELRAY ESTATES,DELRAY ESTATES,Grouped,False
1243461910,DELRAY ESTATES COND PHASE ONE,DELRAY ESTATES COND PHASE,DELRAY ESTATES COND,Grouped,True
1243461913,DELRAY ESTATES COND PHASE TWO,DELRAY ESTATES COND PHASE,DELRAY ESTATES COND,Grouped,True
1243461915,DELRAY ESTATES PHASE III,DELRAY ESTATES COND PHASE,DELRAY ESTATES COND,Grouped,True
1243461926,DELRAY ESTATES PHASE IV COND,DELRAY ESTATES PHASE III,DELRAY ESTATES PHASE,Grouped,True
1243461922,DELRAY GOLF VIEW COND APTS AS  IN DECL IN,DELRAY GOLF VIEW COND,DELRAY GOLF VIEW,Grouped,True
1243462142,DELRAY HARBOR CLUB COND DECL OR3773P11 FILED (8-10-82 AMENDED DECL OR5945P1557),DELRAY HARBOR CLUB COND,DELRAY HARBOR CLUB,Grouped,True
1243462950,DELRAY HONDA,DELRAY HONDA,DELRAY HONDA,Grouped,False
1243460936,DELRAY ISLE IN,DELRAY ISLE IN,DELRAY ISLE IN,Grouped,False
1243460832,DELRAY LAKES,DELRAY LAKES,DELRAY LAKES,Grouped,False
1243462895,DELRAY PLACE,DELRAY LAKES,DELRAY LAKES,Grouped,True
1243462880,DELRAY LINCOLN MERCURY PL 2,DELRAY LINCOLN MERCURY,DELRAY LINCOLN MERCURY,Grouped,True
1243462872,DELRAY LINCOLN MERCURY,DELRAY LINCOLN MERCURY,DELRAY LINCOLN MERCURY,Grouped,False
1243462049,DELRAY MALL REPL,DELRAY MALL REPL,DELRAY MALL,Grouped,True
1243462124,DELRAY MALL AMENDED AS IN,DELRAY MALL AMENDED AS,DELRAY MALL AMENDED,Grouped,True
1243462012,DELRAY MANOR ADD TO DELRAY IN,DELRAY MANOR ADD TO,DELRAY MANOR TO,Grouped,True
1243462929,DELRAY MAZDA,DELRAY MAZDA,DELRAY MAZDA,Grouped,False
1242462427,DELRAY MEDICAL PARCEL,DELRAY MEDICAL PARCEL,DELRAY MEDICAL PARCEL,Grouped,False
1243463007,DELRAY OAKS FIRST ADDITION,DELRAY OAKS FIRST ADDITION,DELRAY OAKS FIRST,Grouped,True
1243463014,DELRAY OAKS WEST 1 & 2 CONDS DECLS FILED 2-17-81 IN OR3464P 1133 & 1-30-91 IN OR6714P591,DELRAY OAKS WEST 1,DELRAY OAKS WEST,Grouped,True
1243460971,DELRAY OCEAN ESTATES NORTH,DELRAY OCEAN ESTATES NORTH,DELRAY OCEAN ESTATES,Grouped,True
1243460972,DELRAY OCEAN ESTATES NORTH 2,DELRAY OCEAN ESTATES NORTH,DELRAY OCEAN ESTATES,Grouped,True
1243461660,DELRAY OCEAN VILLAS COND,DELRAY OCEAN VILLAS COND,DELRAY OCEAN VILLAS,Grouped,True
1243461646,DELRAY RESUB OF BLK 85,DELRAY RESUB OF BLK,DELRAY OF BLK,Grouped,True
12434616B8,DELRAY RESUB OF BLK 72 & W PT  OF BLK 80,DELRAY RESUB OF BLK,DELRAY OF BLK,Grouped,True
1242462425,DELRAY OUTPATIENT PROPERTIES PL,DELRAY OUTPATIENT PROPERTIES PL,DELRAY OUTPATIENT PROPERTIES,Grouped,True
1243460841,DELRAY PARK CONDOMINIUM,DELRAY PARK CONDOMINIUM,DELRAY PARK CONDOMINIUM,Grouped,False
1243460735,DELRAY PARK OF COMMERCE TR R,DELRAY PARK OF COMMERCE,DELRAY PARK OF,Grouped,True
1243460825,DELRAY PARK OF COMMERCE REPL TR K,DELRAY PARK OF COMMERCE,DELRAY PARK OF,Grouped,True
1243460731,DELRAY PARK OF COMMERCE,DELRAY PARK OF COMMERCE,DELRAY PARK OF,Grouped,True
1243460834,DELRAY PARK OF COMMERCE TR E,DELRAY PARK OF COMMERCE,DELRAY PARK OF,Grouped,True
1243460732,DELRAY PARK OF COMMERCE REPL TR M,DELRAY PARK OF COMMERCE,DELRAY PARK OF,Grouped,True
1243463002,DELRAY OAKS COND DECL FILED 1-18-79 OR2994P499,DELRAY PLACE COND DECL,DELRAY PLACE COND,Grouped,True
1243462854,DELRAY PLAZA IN,DELRAY PLAZA IN,DELRAY PLAZA IN,Grouped,False
1243460444,DELRAY PRESERVE REPL,DELRAY PRESERVE,DELRAY PRESERVE,Grouped,True
1243460443,DELRAY PRESERVE,DELRAY PRESERVE,DELRAY PRESERVE,Grouped,False
1243460450,DELRAY RIDGE,DELRAY RIDGE,DELRAY RIDGE,Grouped,False
12434616G3,DELRAY SEBASTIAN,DELRAY SEBASTIAN,DELRAY SEBASTIAN,Grouped,False
1243461848,DELRAY SHELL PL,DELRAY SHELL PL,DELRAY SHELL,Grouped,True
1243460702,DELRAY SHORES FIRST ADD IN,DELRAY SHORES FIRST ADD,DELRAY SHORES FIRST,Grouped,True
1243460701,DELRAY SHORES IN,DELRAY SHORES IN,DELRAY SHORES IN,Grouped,False
1243460726,DELRAY SHORES PROFESSIONAL PLAZA COND DECL FILED 9-15-84,DELRAY SHORES PROFESSIONAL PLAZA,DELRAY SHORES PROFESSIONAL,Grouped,True
1242461341,DELRAY SQUARE 1,DELRAY SQUARE 2,DELRAY SQUARE 2,Grouped,True
1242461335,DELRAY SQUARE 2,DELRAY SQUARE 2,DELRAY SQUARE 2,Grouped,False
1243461633,DELRAY SUMMIT CONDOMINIUM,DELRAY SUMMIT CONDOMINIUM,DELRAY SUMMIT CONDOMINIUM,Grouped,False
1242462421,DELRAY TOWN CENTER,DELRAY TOWN CENTER,DELRAY TOWN CENTER,Grouped,False
1243461601,DELRAY TOWN OF,DELRAY TOWN OF,DELRAY TOWN OF,Grouped,False
1243462894,DELRAY VILLAGE BY THE SEA CONDO,DELRAY VILLAGE BY THE,DELRAY VILLAGE BY,Grouped,True
1243462080,DELRAY VILLAGE SHOPPES,DELRAY VILLAGE SHOPPES,DELRAY VILLAGE SHOPPES,Grouped,False
1243462862,DELRAY VILLAS INC (DEACTIVATED),DELRAY VILLAS INC DEACTIVATED,DELRAY VILLAS INC,Grouped,True
1243460906,DENERY LANE IN,DENERY LANE IN,DENERY LANE IN,Grouped,False
12434616L3,DHBH NO 1 PL,DHBH NO 1 PL,DHBH NO 1,Grouped,True
1243461850,DIALYSIS CENTER OF  DELRAY BEACH,DIALYSIS CENTER OF DELRAY,DIALYSIS CENTER OF,Grouped,True
1243461748,DIGGANS C H SUB/BLK 55 TOWN OF LINTON,DIGGANS C H SUBBLK,DIGGANS C H,Grouped,True
1242461337,DIMLO,DIMLO,DIMLO,Grouped,False
1243460985,DIXIE DEL IDA PLAT,DIXIE DEL IDA PLAT,DIXIE DEL IDA,Grouped,True
1243462143,DOMAINE DELRAY COND DECL FILED 1-26-83 IN,DOMAINE DELRAY COND DECL,DOMAINE DELRAY COND,Grouped,True
1243461699,DORCHESTER INC 200 N OCEAN BLVD DELRAY BEACH FL,DORCHESTER INC 200 N,DORCHESTER INC 200,Grouped,True
1243461678,DOVER HOUSE COND,DOVER HOUSE COND,DOVER HOUSE COND,Grouped,False
1243462868,DODGE HOUSE COND,DOVER HOUSE COND,DOVER HOUSE COND,Grouped,True
1243462185,DOWNTOWN DELRAY PROFESSIONAL CENTRE,DOWNTOWN DELRAY PROFESSIONAL CENTRE,DOWNTOWN DELRAY PROFESSIONAL,Grouped,True
12434616H5,DOWNTOWN LOFTS CONDOMINIUM,DOWNTOWN LOFTS CONDOMINIUM,DOWNTOWN LOFTS CONDOMINIUM,Grouped,False
1243460933,DRINKWATERS ADD IN,DRINKWATERS ADD IN,DRINKWATERS IN,Grouped,True
1243460964,DUBLIN PROPERTIES I LTD,DUBLIN PROPERTIES I LTD,DUBLIN PROPERTIES I,Grouped,True
1243462853,DUMAR PLAZA REPLAT,DUMAR PLAZA REPLAT,DUMAR PLAZA,Grouped,True
12434616J4,DUVALL PLACE CONDOMINIUM,DUVALL PLACE CONDOMINIUM,DUVALL PLACE CONDOMINIUM,Grouped,False
1243461832,EAC PL,EAC PL,EAC,Grouped,True
1243461638,EAST HAVEN COND,EAST HAVEN COND,EAST HAVEN COND,Grouped,False
12434616M7,EAST INDIES,EAST INDIES,EAST INDIES,Grouped,False
12434616A3,EAST WIND BEACH CLUB INC 150 N OCEAN BLVD DELRAY BEACH FL,EAST WIND BEACH CLUB,EAST WIND BEACH,Grouped,True
1243460907,EASTVIEW IN,EASTVIEW IN,EASTVIEW IN,Grouped,False
1243462842,EASTVIEW OF DELRAY BEACH COND  DECL FILED 7-13-79,EASTVIEW OF DELRAY BEACH,EASTVIEW OF DELRAY,Grouped,True
1243462845,EASTVIEW VILLAGE SQUARE COND DECL FILED 3-10-80,EASTVIEW VILLAGE SQUARE COND,EASTVIEW VILLAGE SQUARE,Grouped,True
1243463019,EASTWINDS AT CROSSWINDS COND DECL FILED 2-28-83 IN,EASTWINDS AT CROSSWINDS COND,EASTWINDS AT CROSSWINDS,Grouped,True
1243463022,SOUTHWINDS AT CROSSWINDS COND  DECL FILED 3-20-84,EASTWINDS AT CROSSWINDS COND,EASTWINDS AT CROSSWINDS,Grouped,True
1243460948,EIGHT HUNDRED OCEAN PLACE COND DECL FILED 5-7-80,EIGHT HUNDRED OCEAN PLACE,EIGHT HUNDRED OCEAN,Grouped,True
1242462424,EMMANUEL CATHOLIC CHURCH PL 2,EMMANUEL CATHOLIC CHURCH,EMMANUEL CATHOLIC CHURCH,Grouped,True
1242462419,EMMANUEL CATHOLIC CHURCH,EMMANUEL CATHOLIC CHURCH,EMMANUEL CATHOLIC CHURCH,Grouped,False
1242461342,ENCLAVE AT SHERWOOD,ENCLAVE AT SHERWOOD,ENCLAVE AT SHERWOOD,Grouped,False
1242462423,ENCLAVE AT THE HAMLET,ENCLAVE AT THE HAMLET,ENCLAVE AT THE,Grouped,True
1243463017,ENVIRONMENT I COND DECL FILED  5-7-82,ENVIRONMENT I COND DECL,ENVIRONMENT I COND,Grouped,True
1243462018,ESQUIRE SUB IN,ESQUIRE SUB IN,ESQUIRE IN,Grouped,True
12434628A1,ESTATES AT OCEAN DELRAY,ESTATES AT OCEAN DELRAY,ESTATES AT OCEAN,Grouped,True
1242461317,ESTATES III THE,ESTATES II THE,ESTATES II THE,Grouped,True
1242461316,ESTATES II THE,ESTATES II THE,ESTATES II THE,Grouped,False
1242462415,ESTATES THE,ESTATES III THE,ESTATES III THE,Grouped,True
1242462417,ESTATES IV,ESTATES IV,ESTATES IV,Grouped,False
1243460831,ESTATES MANGO DE PARIS,ESTATES MANGO DE PARIS,ESTATES MANGO DE,Grouped,True
1243460973,ESTUARY,ESTUARY,ESTUARY,Grouped,False
1243460978,ESTUARY 2,ESTUARY,ESTUARY,Grouped,True
1242462410,EVERGREENE,EVERGREENE,EVERGREENE,Grouped,False
1243461840,EXXON 4-6701,EXXON 46701,EXXON 46701,Grouped,True
1243460808,FAIRACRE IN,FAIRACRE IN,FAIRACRE IN,Grouped,False
1242462509,FAIRCREST HEIGHTS AMENDED PLAT,FAIRCREST HEIGHTS AMENDED PLAT,FAIRCREST HEIGHTS AMENDED,Grouped,True
1243461715,FAIRLAWN IN,FAIRLAWN IN,FAIRLAWN IN,Grouped,False
1243461911,FAIRWAY CONDOMINIUM,FAIRWAY CONDOMINIUM,FAIRWAY CONDOMINIUM,Grouped,False
1243461941,FAIRWAYS OF DELRAY,FAIRWAYS OF DELRAY,FAIRWAYS OF DELRAY,Grouped,False
1243461939,FAIRWAYS ON THE GREEN,FAIRWAYS ON THE GREEN,FAIRWAYS ON THE,Grouped,True
1242461315,FAIRWAYS THE,FAIRWAYS THE,FAIRWAYS THE,Grouped,False
1243462036,FALL RIDGE OF DELRAY COND DECL FILED 3-3-80,FALL RIDGE OF DELRAY,FALL RIDGE OF,Grouped,True
1243462934,FALTERBAUER PROPERTY,FALTERBAUER PROPERTY,FALTERBAUER PROPERTY,Grouped,False
1243462879,FAVALE ESTATES,FAVALE ESTATES,FAVALE ESTATES,Grouped,False
1243461722,FENNOS J G SUB IN,FENNOS J G SUB,FENNOS J G,Grouped,True
1243460975,FESSLER ESTATES,FESSLER ESTATES,FESSLER ESTATES,Grouped,False
12434616F1,FIDELITY FEDERAL BANK EAST DELRAY,FIDELITY FEDERAL BANK EAST,FIDELITY FEDERAL BANK,Grouped,True
1243460843,FIFTH AVENUE ESTATES,FIFTH AVENUE ESTATES,FIFTH AVENUE ESTATES,Grouped,False
12434616P9,FIFTY SOUTHEAST 4TH AVENUE,FIFTY SOUTHEAST 4TH AVENUE,FIFTY SOUTHEAST 4TH,Grouped,True
1243462178,FIRST AVENUE CONDOMINIUM,FIRST AVENUE CONDOMINIUM,FIRST AVENUE CONDOMINIUM,Grouped,False
1243461818,FIRST ENCOUNTER COND DECL FILED 10-28-80,FIRST ENCOUNTER COND DECL,FIRST ENCOUNTER COND,Grouped,True
1243462188,FIVE 55 DELRAY,FIVE 55 DELRAY,FIVE 55 DELRAY,Grouped,False
1243462893,FLORIDA BOULEVARD TOWNHOMES DELRAY BEACH (DEACTIVATED),FLORIDA BOULEVARD TOWNHOMES DELRAY,FLORIDA BOULEVARD TOWNHOMES,Grouped,True
1243462860,FOUNTAIN HOUSE INC LESSEE,FOUNTAIN HOUSE INC LESSEE,FOUNTAIN HOUSE INC,Grouped,True
1243462861,FOUNTAIN HOUSE SOUTH INC,FOUNTAIN HOUSE SOUTH INC,FOUNTAIN HOUSE SOUTH,Grouped,True
12434616H7,FOUNTAIN SQUARE OFFICE CONDOMINIUM OF DELRAY,FOUNTAIN SQUARE OFFICE CONDOMINIUM,FOUNTAIN SQUARE OFFICE,Grouped,True
1242461422,FOUNTAINS AT DELRAY BEACH,FOUNTAINS AT DELRAY BEACH,FOUNTAINS AT DELRAY,Grouped,True
1243462183,FRANKLIN AT DELRAY BEACH,FOUNTAINS AT DELRAY BEACH,FOUNTAINS AT DELRAY,Grouped,True
12434616N9,FOURTH & FIFTH DELRAY,FOURTH FIFTH DELRAY,FOURTH FIFTH DELRAY,Grouped,True
1242462418,FOX HOLLOW,FOX HOLLOW,FOX HOLLOW,Grouped,False
1242462407,FOXPOINTE,FOXPOINTE,FOXPOINTE,Grouped,False
1242462422,FOXPOINTE LTS 8 & 9 BLK 2 REPL,FOXPOINTE LTS 8 9,FOXPOINTE LTS 8,Grouped,True
1243460737,FPL LAKE IDA SUBSTATION PL,FPL LAKE IDA SUBSTATION,FPL LAKE IDA,Grouped,True
12434628A2,FREDERICK ISLES,FREDERICK ISLES,FREDERICK ISLES,Grouped,False
1243460917,FREY SOPHIA SUB REPL OF PT OF BLK 6 IN,FREY SOPHIA SUB REPL,FREY SOPHIA,Grouped,True
1243460916,FREY SOPHIA ADD TO DELRAY IN,FREY SOPHIA ADD TO,FREY SOPHIA TO,Grouped,True
1243462042,FRIEDES PL NO 1,FRIEDES PL NO 1,FRIEDES NO 1,Grouped,True
1243460970,GARDEN COURT,GARDEN COURT,GARDEN COURT,Grouped,False
1243463018,TERRACES AT CENTRE' DELRAY,GARDENS AT CENTRE DELRAY,GARDENS AT CENTRE,Grouped,True
1243463037,LAKESIDE AT CENTRE DELRAY REPL (DEACTIVATED),GARDENS AT CENTRE DELRAY,GARDENS AT CENTRE,Grouped,True
1243463015,ARBORS AT CENTRE DELRAY (DEACTIVATED),GARDENS AT CENTRE DELRAY,GARDENS AT CENTRE,Grouped,True
1243463038,TERRACES AT CENTRE DELRAY REPL (DEACTIVATED),GARDENS AT CENTRE DELRAY,GARDENS AT CENTRE,Grouped,True
1243463023,LAKESIDE AT CENTRE DELRAY,GARDENS AT CENTRE DELRAY,GARDENS AT CENTRE,Grouped,True
1243462806,GATEWAY SHOPPING CENTER IN,GATEWAY SHOPPING CENTER IN,GATEWAY SHOPPING CENTER,Grouped,True
12434609A6,GEORGE EAST AND WEST,GEORGE EAST AND WEST,GEORGE EAST AND,Grouped,True
1243462051,GEORGIA ST IND PARK COND DECL FILED 7-1-83 OR3980P880,GEORGIA ST IND PARK,GEORGIA ST IND,Grouped,True
12434616D8,GLEASON STREET TOWNHOMES,GLEASON STREET TOWNHOMES,GLEASON STREET TOWNHOMES,Grouped,False
12434616F6,GLEASON STREET VILLAS,GLEASON STREET VILLAS,GLEASON STREET VILLAS,Grouped,False
1243462821,GMS ACRES IN,GMS ACRES IN,GMS ACRES IN,Grouped,False
1243461929,GOLFVIEW COLONY COND DECL FILED 5-8-79,GOLFVIEW COLONY COND DECL,GOLFVIEW COLONY COND,Grouped,True
1243461804,GOLFVIEW ESTS DELRAY IN,GOLFVIEW ESTS DELRAY IN,GOLFVIEW ESTS DELRAY,Grouped,True
1243462886,GOODISON PARK ESTATES,GOODISON PARK ESTATES,GOODISON PARK ESTATES,Grouped,False
1242460805,GRACES MANOR,GRACES MANOR,GRACES MANOR,Simple,False
12434616B3,GRACEY-BYRD,GRACEYBYRD,GRACEYBYRD,Grouped,True
1243462864,GRAEVE JT SUB,GRAEVE JT SUB,GRAEVE JT,Grouped,True
1242461432,GRAMERCY SQUARE PL 2,GRAMERCY SQUARE,GRAMERCY SQUARE,Grouped,True
1242461430,GRAMERCY SQUARE,GRAMERCY SQUARE,GRAMERCY SQUARE,Grouped,False
1243460742,GRAND BAHAMA PROFESSIONAL PARK CONDOMINIUM,GRAND BAHAMA PROFESSIONAL PARK,GRAND BAHAMA PROFESSIONAL,Grouped,True
1242461309,GREENSWARD VILLAGE SUB,GREENSWARD VILLAGE SUB,GREENSWARD VILLAGE,Grouped,True
1242462403,GREENSWARD VILLAGE COND ONE AND TWO,GREENSWARD VILLAGE COND ONE,GREENSWARD VILLAGE COND,Grouped,True
1243462161,GRIFFIN GATE,GRIFFIN GATE,GRIFFIN GATE,Grouped,False
12434616A1,GROSVENOR HOUSE INC 120 N OCEAN BLVD DELRAY BEACH FL,GROSVENOR HOUSE INC 120,GROSVENOR HOUSE INC,Grouped,True
1243460809,GROVE,GROVE,GROVE,Grouped,False
1243460849,GROVE AT LAKE IDA,GROVE AT LAKE IDA,GROVE AT LAKE,Grouped,True
1243461659,GROVE COND,GROVE COND,GROVE COND,Grouped,False
1243461708,GROVE PARK SUB D B IN,GROVE PARK SUB D,GROVE PARK D,Grouped,True
1243462061,GROVES OF DELRAY,GROVES OF DELRAY,GROVES OF DELRAY,Grouped,False
1243460436,GULF STREAM VILLAS (DEACTIVATED),GULF STREAM VILLAS DEACTIVATED,GULF STREAM VILLAS,Grouped,True
1243460409,GULFSTREAM ESTS IN,GULFSTREAM ESTS IN,GULFSTREAM ESTS IN,Grouped,False
1243460410,GULFSTREAM ESTS REPL OF BLKS 2 THRU 5,GULFSTREAM ESTS REPL OF,GULFSTREAM ESTS OF,Grouped,True
1243460441,GULFSTREAM VILLAS AT HERITAGE LANDINGS,GULFSTREAM VILLAS AT HERITAGE,GULFSTREAM VILLAS AT,Grouped,True
12434609A1,HACKER OFFICE BUILDING,HACKER OFFICE BUILDING,HACKER OFFICE BUILDING,Grouped,False
1243462050,HAITIAN CATHOLIC CHURCH,HAITIAN CATHOLIC CHURCH,HAITIAN CATHOLIC CHURCH,Grouped,False
1243460930,HALLER & GROOTMANS SUB IN,HALLER GROOTMANS SUB IN,HALLER GROOTMANS IN,Grouped,True
1243462127,HAMILTON HOUSE COND APTS,HAMILTON HOUSE COND APTS,HAMILTON HOUSE COND,Grouped,True
12434616G8,HAMILTON PLACE,HAMILTON PLACE,HAMILTON PLACE,Grouped,False
1242462426,HAMLET AT DELRAY BEACH,HAMLET AT DELRAY BEACH,HAMLET AT DELRAY,Grouped,True
1242462516,HAMMOCK RESERVE,HAMMOCK RESERVE,HAMMOCK RESERVE,Grouped,False
1243460934,HAMMOND PROP PL IN,HAMMOND PROP PL IN,HAMMOND PROP IN,Grouped,True
1243460968,HANCOCK SUB,HANCOCK SUB,HANCOCK,Grouped,True
1242461331,HANOVER SQUARE REPL,HANOVER SQUARE REPL,HANOVER SQUARE,Grouped,True
1242461320,HANOVER SQUARE PB48P192,HANOVER SQUARE PB48P192,HANOVER SQUARE PB48P192,Grouped,False
1243461834,HAPPY HOLIDAY SEASONAL SALES LTD INC,HAPPY HOLIDAY SEASONAL SALES,HAPPY HOLIDAY SEASONAL,Grouped,True
1243460845,HAPPY TOGETHER,HAPPY TOGETHER,HAPPY TOGETHER,Grouped,False
1243462839,HARBOR VILLAS COND I & II,HARBOR VILLAS COND I,HARBOR VILLAS COND,Grouped,True
1243462877,HARBOUR CLUB REPL,HARBOUR CLUB,HARBOUR CLUB,Grouped,True
1243462857,HARBOUR CLUB,HARBOUR CLUB,HARBOUR CLUB,Grouped,False
12434616H6,HARBOUR HOUSE PLAT,HARBOUR HOUSE PLAT,HARBOUR HOUSE PLAT,Grouped,False
1243462136,HARBOUR POINTE OF DELRAY COND  DECL FILED 4-21-81,HARBOUR POINTE OF DELRAY,HARBOUR POINTE OF,Grouped,True
1243462150,HARBOURS EDGE PL 1,HARBOURS EDGE PL 1,HARBOURS EDGE 1,Grouped,True
1243462151,HARBOURS EDGE PL 2,HARBOURS EDGE PL 1,HARBOURS EDGE 1,Grouped,True
1243462126,"HARBOURSIDE I,II & III",HARBOURSIDE III III,HARBOURSIDE III III,Grouped,True
1243460912,HARRY SEEMILLER SUB,HARRY SEEMILLER SUB,HARRY SEEMILLER,Grouped,True
12434616L2,HARTMAN HOUSE PLAT,HARTMAN HOUSE PLAT,HARTMAN HOUSE PLAT,Grouped,False
1243461710,HEISLEYS ESTS N 1/2 BLK 54 DELRAY IN,HEISLEYS ESTS N 12,HEISLEYS ESTS N,Grouped,True
1243462176,HERITAGE CLUB REPL,HERITAGE CLUB,HERITAGE CLUB,Grouped,True
1243462175,HERITAGE CLUB,HERITAGE CLUB,HERITAGE CLUB,Grouped,False
1243460844,HIBISCUS LAKE ESTATES,HIBISCUS LAKE ESTATES,HIBISCUS LAKE ESTATES,Grouped,False
1243461944,HIDDEN LAKE,HIDDEN LAKE,HIDDEN LAKE,Grouped,False
1243460812,HIGH ACRES 3RD ADD IN,HIGH ACRES 1ST ADD,HIGH ACRES 1ST,Grouped,True
1243460811,HIGH ACRES 1ST ADD IN,HIGH ACRES 2ND ADD,HIGH ACRES 2ND,Grouped,True
1243460801,HIGH ACRES 2ND ADD IN,HIGH ACRES 2ND ADD,HIGH ACRES 2ND,Grouped,True
1243460810,HIGH ACRES DELRAY IN,HIGH ACRES DELRAY IN,HIGH ACRES DELRAY,Grouped,True
1242461313,HIGH POINT OF DELRAY SEC 6 COND,HIGH POINT OF DELRAY,HIGH POINT OF,Grouped,True
1243461807,"HIGH POINT OF DELRAY BEACH COND SEC 1, TRS 19,20,21 & 22  (LESS N 1155 FT), TRS 42,43,",HIGH POINT OF DELRAY,HIGH POINT OF,Grouped,True
1243461808,"HIGH POINT OF DELRAY BEACH COND SEC II, N 1155 FT OF TRS  19,20,21 & 22 OF SEC 18-46-43",HIGH POINT OF DELRAY,HIGH POINT OF,Grouped,True
1242461311,"HIGH POINT OF DELRAY SEC 7 COND DECL FILED 2-28-79 OR3015 P918 & AMEND OR3028P717,3035P2",HIGH POINT OF DELRAY,HIGH POINT OF,Grouped,True
1242461310,HIGH POINT OF DELRAY SEC 5 COND,HIGH POINT OF DELRAY,HIGH POINT OF,Grouped,True
1243461810,HIGH POINT OF DELRAY SEC 4,HIGH POINT OF DELRAY,HIGH POINT OF,Grouped,True
1243461809,HIGH POINT OF DELRAY BEACH COND SEC III,HIGH POINT OF DELRAY,HIGH POINT OF,Grouped,True
1242462519,HIGHLAND GROVE ESTATES,HIGHLAND GROVE ESTATES,HIGHLAND GROVE ESTATES,Grouped,False
1243461605,HIGHLAND PARK DELRAY,HIGHLAND PARK DELRAY,HIGHLAND PARK DELRAY,Grouped,False
12434616Q7,HIGHLAND PARK TOWNHOMES,HIGHLAND PARK TOWNHOMES,HIGHLAND PARK TOWNHOMES,Grouped,False
1242461329,HIGHLAND TRAILER PARK REPL LT 170,HIGHLAND TRAILER PARK IN,HIGHLAND TRAILER PARK,Grouped,True
1242461304,HIGHLAND TRAILER PARK IN,HIGHLAND TRAILER PARK IN,HIGHLAND TRAILER PARK,Grouped,True
1243461869,HISTORIC DEPOT SQUARE REPLAT,HISTORIC DEPOT SQUARE,HISTORIC DEPOT SQUARE,Grouped,True
1243461867,HISTORIC DEPOT SQUARE,HISTORIC DEPOT SQUARE,HISTORIC DEPOT SQUARE,Grouped,False
1243460924,HOFMAN ADD IN,HOFMAN ADD IN,HOFMAN IN,Grouped,True
1243460925,HOFMAN VILLAGE IN,HOFMAN VILLAGE IN,HOFMAN VILLAGE IN,Grouped,False
1243460926,HOFMANS 8TH AVE ADD IN,HOFMANS 8TH AVE ADD,HOFMANS 8TH AVE,Grouped,True
1243462160,HOLD HARBOR PLAZA PL 2,HOLD HARBOR PLAZA PL,HOLD HARBOR PLAZA,Grouped,True
1243461812,HOMEWOOD LAKES SECTION B-1,HOMEWOOD LAKES SEC A,HOMEWOOD LAKES SEC,Grouped,True
1243461826,HOMEWOOD LAKES SEC C,HOMEWOOD LAKES SEC D,HOMEWOOD LAKES SEC,Grouped,True
1243461811,HOMEWOOD LAKES SEC A,HOMEWOOD LAKES SEC A,HOMEWOOD LAKES SEC,Grouped,True
1243461813,HOMEWOOD LAKES SECTION B-2,HOMEWOOD LAKES SECTION B1,HOMEWOOD LAKES SECTION,Grouped,True
1243461817,HOMEWOOD LAKES SEC D,HOMEWOOD LAKES SECTION B2,HOMEWOOD LAKES SECTION,Grouped,True
1243461906,HOMEWOOD PARK REPLAT IN,HOMEWOOD PARK IN,HOMEWOOD PARK IN,Grouped,True
1243461803,HOMEWOOD ADD TO CITY OF DELRAY IN PB 15 PGS 23 & 24,HOMEWOOD ADD TO CITY,HOMEWOOD TO CITY,Grouped,True
1243462154,HORIZON OF DELRAY BEACH INC 1191 S OCEAN BLVD DELRAY BEACH FL,HORIZON OF DELRAY BEACH,HORIZON OF DELRAY,Grouped,True
1243460814,IDA LAKE TERRACE REPL,IDA LAKE TERRACE REPL,IDA LAKE TERRACE,Grouped,True
1243461631,IMPERIAL MANOR COND DECL IN,IMPERIAL MANOR COND DECL,IMPERIAL MANOR COND,Grouped,True
1243461909,IMPERIAL VILLAS,IMPERIAL VILLAS,IMPERIAL VILLAS,Grouped,False
1243461914,"IMPERIAL VILLAS COND 1,2,3,4,5 & 6",IMPERIAL VILLAS COND 12345,IMPERIAL VILLAS COND,Grouped,True
1243461653,INGRAHAM HOUSE COND,INGRAHAM HOUSE COND,INGRAHAM HOUSE COND,Grouped,False
1243460960,INLET COVE COND DECL FILED 1-11-85 IN OR4441P1 694,INLET COVE COND DECL,INLET COVE COND,Grouped,True
1243461672,TAHITI COVE COND DECL FILED 4-6-81,INLET COVE COND DECL,INLET COVE COND,Grouped,True
1243461652,INNER CIRCLE COND,INNER CIRCLE COND,INNER CIRCLE COND,Grouped,False
1243462837,INTERCOASTAL COVE COND,INTERCOASTAL COVE COND,INTERCOASTAL COVE COND,Grouped,False
1243460829,ISLES OF DELRAY SEC 2 AMND,ISLES OF DELRAY SEC,ISLES OF DELRAY,Grouped,True
1243461658,JARDIN DEL MAR COND,JARDIN DEL MAR COND,JARDIN DEL MAR,Grouped,True
1243461724,JEFFERSON MANOR IN,JEFFERSON MANOR IN,JEFFERSON MANOR IN,Grouped,False
1243460429,JENNINGS SUB,JENNINGS SUB,JENNINGS,Grouped,True
1243461737,JOHNSON A J SUB IN,JOHNSON A J SUB,JOHNSON A J,Grouped,True
12434616M6,JOYA,JOYA,JOYA,Grouped,False
1243460909,KENMONT FIRST ADD,KENMONT FIRST ADD,KENMONT FIRST,Grouped,True
1243460908,KENMONT IN,KENMONT IN,KENMONT IN,Grouped,False
1243461847,KEYSTONE CREATIONS,KEYSTONE CREATIONS,KEYSTONE CREATIONS,Grouped,False
1243462059,KING INDUSTRIAL PARK,KING INDUSTRIAL PARK,KING INDUSTRIAL PARK,Grouped,False
1242461306,KINGSLAND PINES,KINGSLAND PINES,KINGSLAND PINES,Grouped,False
1243460969,KOKOMO KEY PL,KOKOMO KEY PL,KOKOMO KEY,Grouped,True
12434616P8,KOLTER HOTEL DELRAY,KOLTER HOTEL DELRAY,KOLTER HOTEL DELRAY,Grouped,False
1242461326,KRAMERS PL,KRAMERS PL,KRAMERS,Grouped,True
1243461843,L L PARK OF COMMERCE REPL,L L PARK OF,L L PARK,Grouped,True
1243461835,L L PARK OF COMMERCE,L L PARK OF,L L PARK,Grouped,True
1243460911,LA HACIENDA DELRAY IN,LA HACIENDA DELRAY IN,LA HACIENDA DELRAY,Grouped,True
1242461420,LA SEDONA,LA SEDONA,LA SEDONA,Grouped,False
1243461935,LAGO DEL REY NORTH COND 16 DECL FILED 5-2-83 IN,LAGO DEL REY NORTH,LAGO DEL REY,Grouped,True
1243461945,LAGO DEL REY NORTH AMSTERDAM COND DECL FILED 12-7-88,LAGO DEL REY NORTH,LAGO DEL REY,Grouped,True
1243461932,LAGO DEL REY NORTH COND 19-DEF DECL FILED 10-8-81 IN,LAGO DEL REY NORTH,LAGO DEL REY,Grouped,True
1243461918,"LAGO DEL REY COND 1,3,4,5,6,7, 8,9,10,11,12 & 14",LAGO DEL REY COND,LAGO DEL REY,Grouped,True
1243462908,LAKE DELRAY APARTMENTS IN,LAKE DELRAY APARTMENTS IN,LAKE DELRAY APARTMENTS,Grouped,True
1243460522,LAKE EDEN MANOR,LAKE EDEN MANOR,LAKE EDEN MANOR,Grouped,False
1243460503,LAKE EDEN SUB PLAT 1 IN,LAKE EDEN SUB PLAT,LAKE EDEN PLAT,Grouped,True
1243460505,LAKE EDEN SUB PLAT 3,LAKE EDEN SUB PLAT,LAKE EDEN PLAT,Grouped,True
1242461214,LAKE FOREST SOUTH,LAKE FOREST SOUTH,LAKE FOREST SOUTH,Grouped,False
1243460413,LAKE HEIGHTS IN,LAKE HEIGHTS IN,LAKE HEIGHTS IN,Grouped,False
1243460852,LAKE IDA ESTATES,LAKE IDA ESTATES,LAKE IDA ESTATES,Grouped,False
1243460802,LAKE IDA GARDENS AMENDED PL IN,LAKE IDA GARDENS AMENDED,LAKE IDA GARDENS,Grouped,True
1243460803,LAKE IDA MANOR IN,LAKE IDA MANOR IN,LAKE IDA MANOR,Grouped,True
1243460813,LAKE IDA MANOR ADD 2 IN,LAKE IDA MANOR IN,LAKE IDA MANOR,Grouped,True
1243460804,LAKE IDA MANOR ADD 1 IN,LAKE IDA MANOR IN,LAKE IDA MANOR,Grouped,True
12434609A4,LAKE IDA PLACE,LAKE IDA PLACE,LAKE IDA PLACE,Grouped,False
1243460827,LAKE IDA ROAD CHURCH OF CHRIST,LAKE IDA ROAD CHURCH,LAKE IDA ROAD,Grouped,True
1243460818,LAKE IDA SHORES IN,LAKE IDA SHORES IN,LAKE IDA SHORES,Grouped,True
1243460819,LAKE IDA SHORES 1ST ADD IN,LAKE IDA SHORES IN,LAKE IDA SHORES,Grouped,True
1243462909,LAKE RAY IN,LAKE RAY IN,LAKE RAY IN,Grouped,False
1243460502,LAKE SHORE ESTS IN,LAKE SHORE ESTS IN,LAKE SHORE ESTS,Grouped,True
1242462416,LAKESIDE,LAKESIDE,LAKESIDE,Grouped,False
1243462943,LAKESIDE CONDOMINIUM,LAKESIDE CONDOMINIUM,LAKESIDE CONDOMINIUM,Grouped,False
1242462404,LAKEVIEW,LAKEVIEW,LAKEVIEW,Grouped,False
1243462942,LAKEVIEW APTS,LAKEVIEW APTS,LAKEVIEW APTS,Grouped,False
1243460448,LAKEVIEW BAPTIST CHURCH PLAT,LAKEVIEW BAPTIST CHURCH PLAT,LAKEVIEW BAPTIST CHURCH,Grouped,True
1242462405,LAKEVIEW GREENS COND NO 1,LAKEVIEW GREENS COND NO,LAKEVIEW GREENS COND,Grouped,True
1243460815,LAKEVIEW HGTS UNIT 1 DELRAY IN,LAKEVIEW HGTS UNIT 1,LAKEVIEW HGTS UNIT,Grouped,True
1242462420,LAKEVIEW PH 2,LAKEVIEW PH 2,LAKEVIEW PH 2,Grouped,False
1242462409,LAKEWOODE SEC II,LAKEWOODE SEC 1,LAKEWOODE SEC 1,Grouped,True
1242462408,LAKEWOODE SEC 1,LAKEWOODE SEC 1,LAKEWOODE SEC 1,Grouped,False
1242462411,LAKEWOODE SECTION III,LAKEWOODE SEC II,LAKEWOODE SEC II,Grouped,True
1243462112,LAMBERT TRAILER COURT IN,LAMBERT TRAILER COURT IN,LAMBERT TRAILER COURT,Grouped,True
1243462169,LAMBERT TRAILER COURT MODEL LAND CO REPL 1,LAMBERT TRAILER COURT IN,LAMBERT TRAILER COURT,Grouped,True
1243460951,LANDINGS,LANDINGS,LANDINGS,Grouped,False
1243462937,VININGS AT DELRAY BEACH,LANDINGS OF DELRAY BEACH,LANDINGS OF DELRAY,Grouped,True
1243460954,LANDINGS OF DELRAY BEACH COND  DECL FILED 2-12-82,LANDINGS OF DELRAY BEACH,LANDINGS OF DELRAY,Grouped,True
1243462064,LANDSCAPE TECHNIQUES,LANDSCAPE TECHNIQUES,LANDSCAPE TECHNIQUES,Grouped,False
1243460977,LANE SUBDIVISION,LANE SUBDIVISION,LANE SUBDIVISION,Grouped,False
12434616B5,LANIKAI VILLAS COND,LANIKAI VILLAS COND,LANIKAI VILLAS COND,Grouped,False
1243460931,LAS PALMAS SUB IN,LAS PALMAS SUB IN,LAS PALMAS IN,Grouped,True
1243462946,LATITUDE DELRAY,LATITUDE DELRAY,LATITUDE DELRAY,Grouped,False
1243462948,LATITUDE DELRAY BEACH CONDO,LATITUDE DELRAY BEACH CONDO,LATITUDE DELRAY BEACH,Grouped,True
1243462916,"LAVERS DELRAY RACQUET CLUB COND I THRU IX IN OR3087P1818, 3253P391,3296P1023,3382P363,",LAVERS DELRAY RACQUET CLUB,LAVERS DELRAY RACQUET,Grouped,True
1243462919,LAVERS DELRAY RACQUET CLUB ADD,LAVERS DELRAY RACQUET CLUB,LAVERS DELRAY RACQUET,Grouped,True
1243462921,LAVERS RESORT & RACQUET CLUB A & B DECLS FILED 1-24-83 & 9-21-84,LAVERS DELRAY RACQUET CLUB,LAVERS DELRAY RACQUET,Grouped,True
1243462924,LAVERS INTERNATL PLAZA PL 1,LAVERS INTERNATL PLAZA PL,LAVERS INTERNATL PLAZA,Grouped,True
1243462925,LAVERS INTERNATL PLAZA PL 2,LAVERS INTERNATL PLAZA PL,LAVERS INTERNATL PLAZA,Grouped,True
1243462920,LAVERS NORTH,LAVERS NORTH,LAVERS NORTH,Grouped,False
1242461324,LE VILLAGE DE PROVENCE PL 2,LE VILLAGE DE PROVENCE,LE VILLAGE DE,Grouped,True
1242461319,LE VILLAGE DE PROVENCE,LE VILLAGE DE PROVENCE,LE VILLAGE DE,Grouped,True
1243462123,LEDGES CONDOMINIUM LT 1 BLK 1 SEAGATE EXT (PB24P67),LEDGES CONDOMINIUM LT 1,LEDGES CONDOMINIUM LT,Grouped,True
1242461332,LEES CROSSING,LEES CROSSING,LEES CROSSING,Grouped,False
1242461338,LEGACY,LEGACY,LEGACY,Grouped,False
1243461732,LIBERTY HGTS IN,LIBERTY HGTS IN,LIBERTY HGTS IN,Grouped,False
1243462055,LIGHT IND DEV FRANZ/DELF/KINNAIRD (DEACT),LIGHT IND DEV FRANZDELFKINNAIRD,LIGHT IND DEV,Grouped,True
1243461738,LINCOLN PARK IN,LINCOLN PARK IN,LINCOLN PARK IN,Grouped,False
1243461604,LINNS ADD TO OSCEOLA PARK,LINNS ADD TO OSCEOLA,LINNS TO OSCEOLA,Grouped,True
1243461942,LINPRO-DELRAY COMMERCE CENTER,LINPRODELRAY COMMERCE CENTER,LINPRODELRAY COMMERCE CENTER,Grouped,True
1243462930,LINTON CENTER PAR 1 REPL,LINTON CENTER,LINTON CENTER,Grouped,True
1243462917,LINTON CENTER,LINTON CENTER,LINTON CENTER,Grouped,False
1243462933,LINTON CENTER REPL PAR 1 AMND,LINTON CENTER PAR 1,LINTON CENTER PAR,Grouped,True
1243462896,LINTON FEDERAL PL,LINTON FEDERAL PL,LINTON FEDERAL,Grouped,True
1243462038,LINTON FOREST PLAT 1,LINTON FOREST PLAT 1,LINTON FOREST PLAT,Grouped,True
1243463029,LINTON LAKE,LINTON LAKE,LINTON LAKE,Grouped,False
1243463030,LINTON LAKE COND,LINTON LAKE,LINTON LAKE,Grouped,True
1243463033,LINTON LAKE 2,LINTON LAKE COND,LINTON LAKE COND,Grouped,True
1242462510,LINTON OAKS SQUARE,LINTON OAKS SQUARE,LINTON OAKS SQUARE,Grouped,False
1242462513,LINTON OFFICE PARK,LINTON OFFICE PARK,LINTON OFFICE PARK,Grouped,False
1243462040,LINTON RIDGE COND DECL 5-25-83,LINTON RIDGE COND DECL,LINTON RIDGE COND,Grouped,True
1243462135,LINTON WOODS COND DECL FILED 8-10-81,LINTON RIDGE COND DECL,LINTON RIDGE COND,Grouped,True
1243460847,LITTLE WOOD ESTATES,LITTLE WOOD ESTATES,LITTLE WOOD ESTATES,Grouped,False
1243461613,LOWERY PARK ESTS IN,LOWERY PARK ESTS IN,LOWERY PARK ESTS,Grouped,True
12434616C5,LYNDON ARMS APTS COND,LYNDON ARMS APTS COND,LYNDON ARMS APTS,Grouped,True
1243460414,MAC LARENS SUB,MAC LARENS SUB,MAC LARENS,Grouped,True
1243461822,MACK INDUSTRIES-DELRAY (DEACTIVATED),MACK INDUSTRIESDELRAY DEACTIVATED,MACK INDUSTRIESDELRAY DEACTIVATED,Grouped,True
12434616R5,MAGNOLIA PLACE DELRAY,MAGNOLIA PLACE DELRAY,MAGNOLIA PLACE DELRAY,Grouped,False
1243462140,DOMAINE DELRAY,MAISON DELRAY,MAISON DELRAY,Grouped,True
12434616F2,MALLORY SQUARE,MALLORY SQUARE,MALLORY SQUARE,Grouped,False
12434616A5,MANOR HOUSE COND DECL FILED 6-17-87 IN OR5318P1527,MANOR HOUSE COND DECL,MANOR HOUSE COND,Grouped,True
1243462118,BANYAN HOUSE COND DECL IN,MANOR HOUSE COND DECL,MANOR HOUSE COND,Grouped,True
12434616E9,MARINA BAY,MARINA BAY,MARINA BAY,Grouped,False
12434616F4,MARINA BAY CONDOMINIUM,MARINA BAY CONDOMINIUM,MARINA BAY CONDOMINIUM,Grouped,False
1243460956,MARINA DEL REY COND DECL FILED 11-4-82,MARINA DEL REY COND,MARINA DEL REY,Grouped,True
12434616L9,MARINE WAY,MARINE WAY,MARINE WAY,Grouped,False
1243462843,MARINELLO ESTATES,MARINELLO ESTATES,MARINELLO ESTATES,Grouped,False
12434616K4,MARK DOWN TOWN (DEACTIVATED),MARK DOWN TOWN DEACTIVATED,MARK DOWN TOWN,Grouped,True
12434616L8,MARK DOWNTOWN CONDO,MARK DOWNTOWN CONDO,MARK DOWNTOWN CONDO,Grouped,False
1243460950,MARTEL ARMS COND DECL FILED 4-2-80,MARTEL ARMS COND DECL,MARTEL ARMS COND,Grouped,True
1243460947,MARTELL ARMS,MARTELL ARMS,MARTELL ARMS,Grouped,False
1243460927,MARTHA'S VINEYARD REPLAT,MARTHAS VINEYARD REPLAT,MARTHAS VINEYARD,Grouped,True
1243462144,MAYFAIR,MAYFAIR,MAYFAIR,Grouped,False
1243460722,MC CULLOCH PLAT NO 1,MC CULLOCH PLAT NO,MC CULLOCH PLAT,Grouped,True
1243461816,MC EWEN LUMBER SUBD,MC EWEN LUMBER SUBD,MC EWEN LUMBER,Grouped,True
1243460932,MC GINLEY & GOSMANS SUB IN,MC GINLEY GOSMANS SUB,MC GINLEY GOSMANS,Grouped,True
1243461750,MELVIN S BURD SUB,MELVIN S BURD SUB,MELVIN S BURD,Grouped,True
12434616H2,MERIDIAN REPL,MERIDIAN REPL,MERIDIAN,Grouped,True
12434616G1,MERIDIAN,MERIDIAN,MERIDIAN,Grouped,False
12434616J6,MERIDIAN DELRAY CONDOMINIUM,MERIDIAN DELRAY CONDOMINIUM,MERIDIAN DELRAY CONDOMINIUM,Grouped,False
1243461749,METCALFS SUB,METCALFS SUB,METCALFS,Grouped,True
12434616P3,METROPOLITAN AT DELRAY,METROPOLITAN AT DELRAY,METROPOLITAN AT DELRAY,Grouped,False
1243462179,MICHAELS WAY,MICHAELS WAY,MICHAELS WAY,Grouped,False
1242462520,MIDTOWN DELRAY,MIDTOWN DELRAY,MIDTOWN DELRAY,Grouped,False
12434616N3,UPTOWN DELRAY,MIDTOWN DELRAY,MIDTOWN DELRAY,Grouped,True
1243460848,MAISON DELRAY,MIDTOWN DELRAY,MIDTOWN DELRAY,Grouped,True
1242462521,MIDTOWN DELRAY REPL 1,MIDTOWN DELRAY REPL 1,MIDTOWN DELRAY 1,Grouped,True
1242461426,MIL ATLANTIC,MIL ATLANTIC,MIL ATLANTIC,Grouped,False
12434616K8,MIRAFLORES AT DELRAY (DEACTIVATED),MIRAFLORES AT DELRAY DEACTIVATED,MIRAFLORES AT DELRAY,Grouped,True
12434616R2,MIRAGE RESIDENCES,MIRAGE RESIDENCES,MIRAGE RESIDENCES,Grouped,False
1243461695,MIRAMAR GARDEN APTS INC,MIRAMAR GARDEN APTS INC,MIRAMAR GARDEN APTS,Grouped,True
12434616D6,MIRAMAR GARDEN APT COND DECL FILED 4/24/96 OR9228P233,MIRAMAR GARDEN APTS INC,MIRAMAR GARDEN APTS,Grouped,True
1243462110,MODEL LAND CO SUB REPL PT LTS 2 & 3 IN,MODEL LAND CO SUB,MODEL LAND CO,Grouped,True
1243462109,MODEL LAND CO SUB OF W 1/2,MODEL LAND CO SUB,MODEL LAND CO,Grouped,True
1243461701,MONROE SUB IN,MONROE SUB IN,MONROE IN,Grouped,True
1243460952,MOORES LANDING,MOORES LANDING,MOORES LANDING,Grouped,False
1243461612,MOORINGS DELRAY BEACH,MOORINGS DELRAY BEACH,MOORINGS DELRAY BEACH,Grouped,False
1243462947,MORSE DELRAY TOYOTA REPL,MORSE DELRAY TOYOTA REPL,MORSE DELRAY TOYOTA,Grouped,True
1243462949,MORSE - LAMAT PLAT,MORSE LAMAT PLAT,MORSE LAMAT PLAT,Grouped,True
1243462931,MORSE SATURN DEALERSHIP,MORSE SATURN DEALERSHIP,MORSE SATURN DEALERSHIP,Grouped,False
1243461753,MT OLIVE BAPTIST CHURCH,MT OLIVE BAPTIST CHURCH,MT OLIVE BAPTIST,Grouped,True
1243461734,MYRICKS SUB IN,MYRICKS SUB IN,MYRICKS IN,Grouped,True
12434616Q9,NAPLETON REPLAT,NAPLETON REPLAT,NAPLETON,Grouped,True
1243461642,NARBERTH COND DECL IN,NARBERTH COND DECL IN,NARBERTH COND IN,Grouped,True
1243461627,NASSAU PK REV PL OF ASBURY PK  HGTS,NASSAU PK REV PL,NASSAU PK,Grouped,True
12434616C1,NASSAU POINT,NASSAU POINT,NASSAU POINT,Grouped,False
1243462191,NAUTICA DELRAY CONDO,NAUTICA DELRAY CONDO,NAUTICA DELRAY CONDO,Grouped,False
1243462187,NAUTICA DELRAY CO-OP (DEACTIVATED),NAUTICA DELRAY COOP DEACTIVATED,NAUTICA DELRAY COOP,Grouped,True
1243462153,NAUTICAL AIRE INC (DEACTIVATED),NAUTICAL AIRE INC DEACTIVATED,NAUTICAL AIRE INC,Grouped,True
1243462951,NEW CENTURY COMMONS,NEW CENTURY COMMONS,NEW CENTURY COMMONS,Grouped,False
1243461632,NEW MONMOUTH COND DECL IN,NEW MONMOUTH COND DECL,NEW MONMOUTH COND,Grouped,True
1243462007,NICHOLS 1ST ADD TO DELRAY IN,NICHOLS 1ST ADD TO,NICHOLS 1ST TO,Grouped,True
1243462008,NICHOLS 2ND ADD TO DELRAY IN,NICHOLS 1ST ADD TO,NICHOLS 1ST TO,Grouped,True
1243461762,NIETO PARK,NIETO PARK,NIETO PARK,Grouped,False
1243462162,NINTH STREET PLAZA REPL LT 2,NINTH STREET PLAZA REPL,NINTH STREET PLAZA,Grouped,True
1243462163,NINTH STREET PLAZA REPL LT 1,NINTH STREET PLAZA REPL,NINTH STREET PLAZA,Grouped,True
1243461852,NOLAND PL,NOLAND PL,NOLAND,Grouped,True
1243461849,NORJAC,NORJAC,NORJAC,Grouped,False
12434616E5,NORTH BEACH 3 PL,NORTH BEACH 3 PL,NORTH BEACH 3,Grouped,True
1243460986,NORTH DEL IDA ESTATES,NORTH DEL IDA ESTATES,NORTH DEL IDA,Grouped,True
1243460435,NORTH FEDERAL HIGHWAY REPL,NORTH FEDERAL HIGHWAY REPL,NORTH FEDERAL HIGHWAY,Grouped,True
1243460420,NORTHRIDGE IN,NORTHRIDGE IN,NORTHRIDGE IN,Grouped,False
1243461773,NORTHWEST 6TH AVENUE ESTATES,NORTHWEST 6TH AVENUE ESTATES,NORTHWEST 6TH AVENUE,Grouped,True
1243463231,BOCA ISLE COND DECL FILED 12-13-83 IN,OCEAN AIRE COND DECL,OCEAN AIRE COND,Grouped,True
1243461674,OCEAN PLACE COND DECL FILED 12-3-81,OCEAN AIRE COND DECL,OCEAN AIRE COND,Grouped,True
1243460993,OCEAN APPLE ESTATES PL 3,OCEAN APPLE ESTATES,OCEAN APPLE ESTATES,Grouped,True
1243460963,OCEAN APPLE ESTATES,OCEAN APPLE ESTATES,OCEAN APPLE ESTATES,Grouped,False
1243460991,OCEAN APPLE ESTATES PL 2,OCEAN APPLE ESTATES,OCEAN APPLE ESTATES,Grouped,True
1243461619,OCEAN BREEZE ESTATES,OCEAN BREEZE ESTATES,OCEAN BREEZE ESTATES,Grouped,False
1243462171,OCEAN BREEZES,OCEAN BREEZES,OCEAN BREEZES,Grouped,False
1243461683,OCEAN CAY OF DELRAY,OCEAN CAY OF DELRAY,OCEAN CAY OF,Grouped,True
12434616G9,OCEAN CITY LOFTS,OCEAN CITY LOFTS,OCEAN CITY LOFTS,Grouped,False
12434616H9,OCEAN CITY LOFTS CONDOMINIUM,OCEAN CITY LOFTS CONDOMINIUM,OCEAN CITY LOFTS,Grouped,True
12434628A4,OCEAN DELRAY CONDO,OCEAN DELRAY CONDO,OCEAN DELRAY CONDO,Grouped,False
1243461643,OCEAN AIRE COND DECL IN,OCEAN EAST COND DECL,OCEAN EAST COND,Grouped,True
1243461635,OCEAN EAST COND DECL IN,OCEAN EAST COND DECL,OCEAN EAST COND,Grouped,True
1243460976,OCEAN HAMMOCK,OCEAN HAMMOCK,OCEAN HAMMOCK,Grouped,False
1243462876,OCEAN ISLES AT DEL-RATON,OCEAN ISLES AT DELRATON,OCEAN ISLES AT,Grouped,True
1243462881,OCEAN ISLES AT DEL-RATON PH 2,OCEAN ISLES AT DELRATON,OCEAN ISLES AT,Grouped,True
1243461901,GOLF PARK DELRAY IN,OCEAN PARK DELRAY IN,OCEAN PARK DELRAY,Grouped,True
1243462014,ROSEMONT PARK DELRAY IN,OCEAN PARK DELRAY IN,OCEAN PARK DELRAY,Grouped,True
1243461628,OCEAN PARK DELRAY IN,OCEAN PARK DELRAY IN,OCEAN PARK DELRAY,Grouped,True
1243462149,DELRAY PLACE COND DECL FILED 9-24-84 IN,OCEAN PLACE COND DECL,OCEAN PLACE COND,Grouped,True
1243462887,OCEAN PLACE-2155 CONDOMINIUM,OCEAN PLACE2155 CONDOMINIUM,OCEAN PLACE2155 CONDOMINIUM,Grouped,True
1243461686,OCEAN REACH APTS COND DECL FILED 4-25-85 IN,OCEAN REACH APTS COND,OCEAN REACH APTS,Grouped,True
1243461650,OCEAN TERRACE COND,OCEAN TERRACE COND,OCEAN TERRACE COND,Grouped,False
1243460988,OCEAN TERRACES OF DELRAY BEACH,OCEAN TERRACES OF DELRAY,OCEAN TERRACES OF,Grouped,True
1243460445,OCEANVIEW TOWNHOMES,OCEANVIEW TOWNHOMES,OCEANVIEW TOWNHOMES,Grouped,False
1243461728,ODMANNS SUB IN,ODMANNS SUB IN,ODMANNS IN,Grouped,True
1243462001,SUB OF SEC 20-46-43,SUB OF SEC 204643,OF SEC 204643,Grouped,True
1243462849,OLD HARBOR OFFICE & BANK FACILITY II,OLD HARBOR OFFICE BANK,OLD HARBOR OFFICE,Grouped,True
1243462848,OLD HARBOR OFFICE & BANK FACILITY (DEACT),OLD HARBOR OFFICE BANK,OLD HARBOR OFFICE,Grouped,True
1243460980,OLD PALM GROVE,OLD PALM GROVE,OLD PALM GROVE,Grouped,False
12434616L7,OLD SCHOOL SQUARE GARAGE AND PARK SITE,OLD SCHOOL SQUARE,OLD SCHOOL SQUARE,Grouped,True
12434616B6,OLD SCHOOL SQUARE,OLD SCHOOL SQUARE,OLD SCHOOL SQUARE,Grouped,False
1243461689,ONE SIXTY CENTER COND DECL FILED 12-1-86 IN OR 5088  P224,ONE SIXTY CENTER COND,ONE SIXTY CENTER,Grouped,True
12434616B1,ONE TEN APTS COND DECL FILED 4-20-89 IN OR6039P159,ONE TEN APTS COND,ONE TEN APTS,Grouped,True
12434616C8,ONNEN SUB,ONNEN SUB,ONNEN,Grouped,True
1243462101,OSCEOLA PARK IN,OSCEOLA PARK IN,OSCEOLA PARK IN,Grouped,False
1243462812,OUTRIGGER COND DECL IN,OUTRIGGER COND DECL IN,OUTRIGGER COND IN,Grouped,True
1243462813,OUTRIGGER SOUTH COND DECL IN OR1178 P493 & OR1296 P520,OUTRIGGER COND DECL IN,OUTRIGGER COND IN,Grouped,True
1243461863,OWENS BAKER PLAT,OWENS BAKER PLAT,OWENS BAKER PLAT,Grouped,False
1243461846,OWENS COMMERCIAL SUB,OWENS COMMERCIAL SUB,OWENS COMMERCIAL,Grouped,True
1243461730,PALACINO PARK IN,PALACINO PARK IN,PALACINO PARK IN,Grouped,False
1243461747,PALM BEACH COUNTY SOUTH COUNTY JUDICIAL CENTER,PALM BEACH COUNTY SOUTH,PALM BEACH COUNTY,Grouped,True
1243460904,PALM BEACH SHORE ACRES REV PL BLKS D & E,PALM BEACH SHORE ACRES,PALM BEACH SHORE,Grouped,True
1243463020,PALM COAST INDUSTRIAL PARK,PALM COAST INDUSTRIAL PARK,PALM COAST INDUSTRIAL,Grouped,True
1243463035,PALM COVE APARTMENTS PL,PALM COVE APARTMENTS PL,PALM COVE APARTMENTS,Grouped,True
1243461651,PALM SQUARE CONDOMINIUM,PALM SQUARE CONDOMINIUM,PALM SQUARE CONDOMINIUM,Grouped,False
1243461634,PALM SQUARE UNREC ON AM 89,PALM SQUARE UNREC ON,PALM SQUARE UNREC,Grouped,True
1243462009,PALM STATE HGTS IN,PALM STATE HGTS IN,PALM STATE HGTS,Grouped,True
12434609A2,PALM TRAIL ESTATES,PALM TRAIL ESTATES,PALM TRAIL ESTATES,Grouped,False
1243460945,PALM TRAIL PLACE COND DECL FILED 2-12-79,PALM TRAIL PLACE COND,PALM TRAIL PLACE,Grouped,True
1243460944,PALM TRAIL YACHT CLUB COND AS  IN DECL IN,PALM TRAIL YACHT CLUB,PALM TRAIL YACHT,Grouped,True
1243461851,PALM TRAN SATELLITE FACILITY (DEACT),PALM TRAN SATELLITE FACILITY,PALM TRAN SATELLITE,Grouped,True
1243461870,PALM TRAN SOUTH COUNTY FACILITY,PALM TRAN SOUTH COUNTY,PALM TRAN SOUTH,Grouped,True
12434616G7,PALM VILLAS AT DELRAY BEACH CONDOMINIUM,PALM VILLAS AT DELRAY,PALM VILLAS AT,Grouped,True
1243461927,PALM VILLAS COND APTS DECL FILED 5-14-79,PALM VILLAS COND APTS,PALM VILLAS COND,Grouped,True
1243462918,PALMS OF DELRAY TRACT B,PALMS OF DELRAY,PALMS OF DELRAY,Grouped,True
1243462915,PALMS OF DELRAY,PALMS OF DELRAY,PALMS OF DELRAY,Grouped,False
1243462922,FALLS OF DELRAY,PALMS OF DELRAY,PALMS OF DELRAY,Grouped,True
1243460989,PARADISE BANK DELRAY BEACH,PARADISE BANK DELRAY BEACH,PARADISE BANK DELRAY,Grouped,True
1243461703,PARADISE HGTS IN,PARADISE HGTS IN,PARADISE HGTS IN,Grouped,False
1243461610,PARK COURT SUB IN,PARK COURT SUB IN,PARK COURT IN,Grouped,True
1243462147,PARK PLACE,PARK PLACE,PARK PLACE,Grouped,False
1243462037,PARK TEN,PARK TEN,PARK TEN,Grouped,False
1243462045,PARK TEN 3RD ADD,PARK TEN FIRST ADD,PARK TEN FIRST,Grouped,True
1243462041,PARK TEN FIRST ADD,PARK TEN FIRST ADD,PARK TEN FIRST,Grouped,True
1243462043,PARK TEN SECOND ADD,PARK TEN SECOND ADD,PARK TEN SECOND,Grouped,True
1243463041,PARKS AT DELRAY,PARKS AT DELRAY,PARKS AT DELRAY,Grouped,False
1243461858,PARKSIDE TOWNHOMES AT DELRAY,PARKSIDE TOWNHOMES AT DELRAY,PARKSIDE TOWNHOMES AT,Grouped,True
1243461640,PARKVIEW MANOR COND DECL IN,PARKVIEW MANOR COND DECL,PARKVIEW MANOR COND,Grouped,True
1243461679,PATIO BEACH COND DECL FILED 1-6-83 IN,PATIO BEACH COND DECL,PATIO BEACH COND,Grouped,True
1243460430,PBT REPL 1,PBT REPL 1,PBT 1,Grouped,True
1243463331,PELICAN HARBOR PH 3-B,PELICAN HARBOR PH 3A,PELICAN HARBOR PH,Grouped,True
1243463232,PELICAN HARBOR PH 4,PELICAN HARBOR PH 4,PELICAN HARBOR PH,Grouped,True
1243463235,PELICAN HARBOR PH 4-A,PELICAN HARBOR PH 4,PELICAN HARBOR PH,Grouped,True
1243463315,PELICAN HARBOR PHASE ONE,PELICAN HARBOR PH 4A,PELICAN HARBOR PH,Grouped,True
1243463330,PELICAN HARBOR PH 3-A,PELICAN HARBOR PHASE TWO,PELICAN HARBOR PHASE,Grouped,True
1243463316,PELICAN HARBOR PHASE TWO,PELICAN HARBOR PHASE ONE,PELICAN HARBOR PHASE,Grouped,True
1243463317,PELICAN HARBOR PHASE THREE,PELICAN HARBOR PHASE TWO,PELICAN HARBOR PHASE,Grouped,True
1243463236,PELICAN HARBOR SHOPPES,PELICAN HARBOR SHOPPES,PELICAN HARBOR SHOPPES,Grouped,False
1243463234,PELICAN POINTE COND DECL FILED 10-30-85 IN,PELICAN POINTE COND DECL,PELICAN POINTE COND,Grouped,True
1243462816,PENTHOUSE DELRAY COND DECL IN,PENTHOUSE DELRAY COND DECL,PENTHOUSE DELRAY COND,Grouped,True
12434616Q5,PHG DELRAY,PHG DELRAY,PHG DELRAY,Grouped,False
1243462869,PIER 1 IMPORTS,PIER 1 IMPORTS,PIER 1 IMPORTS,Grouped,False
1243461665,PINE BEACH SOUTH COND DECL FILED 4-3-79,PINE BEACH SOUTH COND,PINE BEACH SOUTH,Grouped,True
1242462414,PINE LAKE,PINE LAKE,PINE LAKE,Grouped,False
1243462057,PINE RIDGE CEMETARY UNIT C,PINE RIDGE CEMETERY UNIT,PINE RIDGE CEMETERY,Grouped,True
1243462034,PINE RIDGE CEMETERY UNIT B,PINE RIDGE CEMETERY UNIT,PINE RIDGE CEMETERY,Grouped,True
1242461213,PINE TRAIL EAST,PINE TRAIL EAST,PINE TRAIL EAST,Grouped,False
1242461318,PINE TRAIL SOUTH,PINE TRAIL EAST,PINE TRAIL EAST,Grouped,True
1242461208,PINE TRAIL SEC II,PINE TRAIL SEC 1,PINE TRAIL SEC,Grouped,True
1242461212,PINE TRAIL SEC 4,PINE TRAIL SEC 3,PINE TRAIL SEC,Grouped,True
1242461207,PINE TRAIL SEC 1,PINE TRAIL SEC 1,PINE TRAIL SEC,Grouped,True
1242461209,PINE TRAIL SEC 3 FINAL PLAT,PINE TRAIL SEC II,PINE TRAIL SEC,Grouped,True
1243460840,PINE VIEW ESTATES,PINE VIEW ESTATES,PINE VIEW ESTATES,Grouped,False
12434616M5,PINEAPPLE GROVE OFFICE CONDO,PINEAPPLE GROVE OFFICE CONDO,PINEAPPLE GROVE OFFICE,Grouped,True
12434616F8,PINEAPPLE GROVE VILLAGE,PINEAPPLE GROVE VILLAGE,PINEAPPLE GROVE VILLAGE,Grouped,False
12434616J7,PINEAPPLE GROVE VILLAGE CONDOMINIUM,PINEAPPLE GROVE VILLAGE CONDOMINIUM,PINEAPPLE GROVE VILLAGE,Grouped,True
12434616H4,PINEAPPLE GROVE BUILDING,PINEAPPLE GROVE VILLAGE,PINEAPPLE GROVE VILLAGE,Grouped,True
12434616E6,PINEAPPLE PLACE CONDO,PINEAPPLE PLACE CONDO,PINEAPPLE PLACE CONDO,Grouped,False
1243460449,PINEAPPLE ROAD PLAT,PINEAPPLE ROAD PLAT,PINEAPPLE ROAD PLAT,Grouped,False
12434609A3,PINEAPPLE TRAIL,PINEAPPLE TRAIL,PINEAPPLE TRAIL,Grouped,False
1243461727,PINECREST SUB DELRAY IN,PINECREST SUB DELRAY IN,PINECREST DELRAY IN,Grouped,True
1243460816,PINERIDGE HEIGHTS,PINERIDGE HEIGHTS,PINERIDGE HEIGHTS,Grouped,False
1243460705,"PINES OF DELRAY NORTH COND 1,2 3,4,5,6,7,8,9,10,11 & 12",PINES OF DELRAY NORTH,PINES OF DELRAY,Grouped,True
1243461928,"PINES OF DELRAY COND ONE,TWO & THREE",PINES OF DELRAY NORTH,PINES OF DELRAY,Grouped,True
1243461923,PINES OF DELRAY WEST,PINES OF DELRAY NORTH,PINES OF DELRAY,Grouped,True
1243461916,"PINES OF DELRAY COND ONE,TWO,  THREE,FOUR,FIVE,SIX,SEVEN, EIGHT,NINE,TEN,ELEVEN,TWELVE &",PINES OF DELRAY NORTH,PINES OF DELRAY,Grouped,True
1243460805,PINEVIEW DELRAY IN,PINEVIEW DELRAY IN,PINEVIEW DELRAY IN,Grouped,False
1243461763,PJB LLC PLAT,PJB LLC PLAT,PJB LLC PLAT,Grouped,False
1243462019,PLATTS ACRES IN,PLATTS ACRES IN,PLATTS ACRES IN,Grouped,False
1243460919,"PLUMOSA PARK SEC A, B & D IN",PLUMOSA PARK SEC A,PLUMOSA PARK SEC,Grouped,True
1243461740,POINCIANA HGTS DELRAY IN,POINCIANA HGTS DELRAY IN,POINCIANA HGTS DELRAY,Grouped,True
1243463223,POINT AT DELRAY COND DECL FILED 8-31-81,POINT AT DELRAY COND,POINT AT DELRAY,Grouped,True
1243462174,POINTE AT LAMBERT TRAILER COURT,POINTE AT LAMBERT TRAILER,POINTE AT LAMBERT,Grouped,True
12434609A5,POPSTROKE DELRAY,POPSTROKE DELRAY,POPSTROKE DELRAY,Grouped,False
12434616H3,PORTA AL MARE,PORTA AL MARE,PORTA AL MARE,Grouped,False
1243461820,PRECISION ELECTRONICS BUILDING,PRECISION ELECTRONICS BUILDING,PRECISION ELECTRONICS BUILDING,Grouped,False
1243460962,PRIEST COMMERCIAL BLDG,PRIEST COMMERCIAL BLDG,PRIEST COMMERCIAL BLDG,Grouped,False
1243462141,PRO OFFICE PLAZA FOR ACQUILANO (DEACT),PRO OFFICE PLAZA FOR,PRO OFFICE PLAZA,Grouped,True
1243462047,PROCACCI OFFICE CENTER,PROCACCI OFFICE CENTER,PROCACCI OFFICE CENTER,Grouped,False
1242461339,PROFESSIONAL CENTRE AT DELRAY BEACH CONDOMINIUM,PROFESSIONAL CENTRE AT DELRAY,PROFESSIONAL CENTRE AT,Grouped,True
1243461745,PUBLIC SAFETY FACILITY,PUBLIC SAFETY FACILITY,PUBLIC SAFETY FACILITY,Grouped,False
1242461322,PYLON PROFESSIONAL CENTER,PYLON PROFESSIONAL CENTER,PYLON PROFESSIONAL CENTER,Grouped,False
1243462830,QUALITY ACRES,QUALITY ACRES,QUALITY ACRES,Grouped,False
1242462511,RABBIT HOLLOWE,RABBIT HOLLOWE,RABBIT HOLLOWE,Grouped,False
1243460729,RAINBERRY BAY NORTH REC AREA,RAINBERRY BAY NORTH REC,RAINBERRY BAY NORTH,Grouped,True
1243460704,RAINBERRY BAY SEC 1-A,RAINBERRY BAY SEC 1,RAINBERRY BAY SEC,Grouped,True
1243460703,RAINBERRY BAY SEC 1,RAINBERRY BAY SEC 1,RAINBERRY BAY SEC,Grouped,True
1243460724,RAINBERRY BAY SEC 9,RAINBERRY BAY SEC 8,RAINBERRY BAY SEC,Grouped,True
1243460733,RAINBERRY BAY SEC 9-A,RAINBERRY BAY SEC 33A,RAINBERRY BAY SEC,Grouped,True
1243460730,RAINBERRY BAY SEC 3/3-A,RAINBERRY BAY SEC 10,RAINBERRY BAY SEC,Grouped,True
1243460728,RAINBERRY BAY SEC 10,RAINBERRY BAY SEC 9,RAINBERRY BAY SEC,Grouped,True
1243460719,RAINBERRY BAY SEC 1-A REPLAT NO 2,RAINBERRY BAY SEC 1,RAINBERRY BAY SEC,Grouped,True
1243460706,RAINBERRY BAY SEC 2,RAINBERRY BAY SEC 1A,RAINBERRY BAY SEC,Grouped,True
1243460707,RAINBERRY BAY SEC 4,RAINBERRY BAY SEC 2,RAINBERRY BAY SEC,Grouped,True
1243460718,RAINBERRY BAY SEC 1-A REPLAT,RAINBERRY BAY SEC 1,RAINBERRY BAY SEC,Grouped,True
1243460717,RAINBERRY BAY SECTION 6,RAINBERRY BAY SEC 5,RAINBERRY BAY SEC,Grouped,True
1243460715,RAINBERRY BAY SEC 5,RAINBERRY BAY SEC 4,RAINBERRY BAY SEC,Grouped,True
1243460723,RAINBERRY BAY SEC 8,RAINBERRY BAY SECTION 5A,RAINBERRY BAY SECTION,Grouped,True
1243460721,RAINBERRY BAY SECTION 5-A,RAINBERRY BAY SECTION 7,RAINBERRY BAY SECTION,Grouped,True
1243460720,RAINBERRY BAY SECTION 7,RAINBERRY BAY SECTION 6,RAINBERRY BAY SECTION,Grouped,True
1243460727,RAINBERRY ESTATES AMENDED,RAINBERRY ESTATES AMENDED,RAINBERRY ESTATES AMENDED,Grouped,False
1243460734,RAINBERRY ESTS 2ND AMND PL,RAINBERRY ESTS 2ND AMND,RAINBERRY ESTS 2ND,Grouped,True
1243460716,RAINBERRY LAKE PHASE 3-B,RAINBERRY LAKE PHASE IVB,RAINBERRY LAKE PHASE,Grouped,True
1243460712,RAINBERRY LAKE PHASE IV-A REPLAT,RAINBERRY LAKE PHASE IIIA,RAINBERRY LAKE PHASE,Grouped,True
1243460714,RAINBERRY LAKE PHASE IV-B,RAINBERRY LAKE PHASE IVA,RAINBERRY LAKE PHASE,Grouped,True
1243460708,RAINBERRY LAKES PHASE 2,RAINBERRY LAKES PHASE 2,RAINBERRY LAKES PHASE,Grouped,True
1243460711,RAINBERRY LAKE PHASE III-A,RAINBERRY LAKES PHASE 2,RAINBERRY LAKES PHASE,Grouped,True
1243461677,RANGER COND APTS DECL FILED 6-23-80,RANGER COND APTS DECL,RANGER COND APTS,Grouped,True
1243462871,REBECCA'S LANDING,REBECCAS LANDING,REBECCAS LANDING,Grouped,True
1243461759,RECTORY PARK PLAT (DEACTIVATED),RECTORY PARK PLAT DEACTIVATED,RECTORY PARK PLAT,Grouped,True
1242461307,REGINA PARK,REGINA PARK,REGINA PARK,Grouped,False
1243462180,REGIONS DELRAY (DEACTIVATED),REGIONS DELRAY DEACTIVATED,REGIONS DELRAY DEACTIVATED,Grouped,True
1243461614,REIDS JOHN B VILLAGE IN,REIDS JOHN B VILLAGE,REIDS JOHN B,Grouped,True
1243461615,"REIDS JOHN B VILLAGE REPL BLKS L, M & N IN",REIDS JOHN B VILLAGE,REIDS JOHN B,Grouped,True
12434616F3,RENAISSANCE VILLAGE,RENAISSANCE VILLAGE,RENAISSANCE VILLAGE,Grouped,False
1243461774,REYES PLAT,REYES PLAT,REYES PLAT,Grouped,False
1243462020,RIDGEWOOD HEIGHTS,RIDGEWOOD HEIGHTS,RIDGEWOOD HEIGHTS,Grouped,False
12434616B9,RIEKSE,RIEKSE,RIEKSE,Grouped,False
12434616C7,RIEKSE REPL,RIEKSE REPL,RIEKSE,Grouped,True
1243461731,CARVER SQUARE IN,RIKER SQUARE IN,RIKER SQUARE IN,Grouped,True
1243461611,RIKER SQUARE IN,RIKER SQUARE IN,RIKER SQUARE IN,Grouped,False
1243462168,RIO DEL REY SHORES REPL,RIO DEL REY SHORES,RIO DEL REY,Grouped,True
1243462104,RIO DEL REY SHORES IN,RIO DEL REY SHORES,RIO DEL REY,Grouped,True
1243462103,RIO DEL REY IN,RIO DEL REY IN,RIO DEL REY,Grouped,True
1242461403,ROCKLAND PARK IN,ROCKLAND PARK IN,ROCKLAND PARK IN,Grouped,False
1243460914,ROSEDALE PARK PROP REV IN,ROSEDALE PARK PROP REV,ROSEDALE PARK PROP,Grouped,True
1243461744,ROSEMONT GARDENS UNIT A,ROSEMONT GARDENS UNIT A,ROSEMONT GARDENS UNIT,Grouped,True
1243462031,ROSEMONT GARDENS UNIT B,ROSEMONT GARDENS UNIT A,ROSEMONT GARDENS UNIT,Grouped,True
1243462016,SUNSET PARK DELRAY IN,ROSEMONT PARK DELRAY IN,ROSEMONT PARK DELRAY,Grouped,True
1243462033,ROSEMONT VILLAS UNIT B,ROSEMONT VILLAS UNIT A,ROSEMONT VILLAS UNIT,Grouped,True
1243462032,ROSEMONT VILLAS UNIT A,ROSEMONT VILLAS UNIT A,ROSEMONT VILLAS UNIT,Grouped,True
12434616L1,ROYAL ATLANTIC IN DELRAY BEACH CONDO,ROYAL ATLANTIC IN DELRAY,ROYAL ATLANTIC IN,Grouped,True
1243461841,ROYAL COMMERCIAL PK OF DELRAY,ROYAL COMMERCIAL PK OF,ROYAL COMMERCIAL PK,Grouped,True
1243461860,ROYAL COMMERCIAL PARK OF DELRAY PL 2,ROYAL COMMERCIAL PK OF,ROYAL COMMERCIAL PK,Grouped,True
1243460913,ROYAL PALM GARDENS REV PL IN,ROYAL PALM GARDENS REV,ROYAL PALM GARDENS,Grouped,True
1243460918,ROYAL PALM GARDENS PL 3 IN,ROYAL PALM GARDENS REV,ROYAL PALM GARDENS,Grouped,True
1243462082,RPOS DELRAY,RPOS DELRAY,RPOS DELRAY,Grouped,False
1243461609,RUNNYMEDE IN,RUNNYMEDE IN,RUNNYMEDE IN,Grouped,False
1243460979,S E ONEAL PLAT,S E ONEAL PLAT,S E ONEAL,Grouped,True
1242461215,SABAL LAKES PH 1,SABAL LAKES PH 1,SABAL LAKES PH,Grouped,True
1242461221,SABAL LAKES PH 4,SABAL LAKES PH 3,SABAL LAKES PH,Grouped,True
1242461216,SABAL LAKES PH 2,SABAL LAKES PH 1,SABAL LAKES PH,Grouped,True
1242461217,SABAL LAKES PH 3,SABAL LAKES PH 2,SABAL LAKES PH,Grouped,True
1242461218,SABAL LAKES PH 2 REPL LTS 87 THRU 96 BLK 1,SABAL LAKES PH 1,SABAL LAKES PH,Grouped,True
1243463001,"SABAL PINE COND PART ONE,TWO,  THREE & FOUR",SABAL PINE COND PART,SABAL PINE COND,Grouped,True
1243463006,SABAL PINE EAST COND DECL FILED 10-31-80,SABAL PINE SOUTH COND,SABAL PINE SOUTH,Grouped,True
1243463004,"SABAL PINE SOUTH COND 1,2,3 &  4 IN DECL IN OR3156P1743,2932  P660,2960P1590 & 3156P1743",SABAL PINE SOUTH COND,SABAL PINE SOUTH,Grouped,True
1243460995,SALVATORI GALLOWAY PLAT,SALVATORI GALLOWAY PLAT,SALVATORI GALLOWAY PLAT,Grouped,False
12434616F7,SAN SEBASTIAN,SAN SEBASTIAN,SAN SEBASTIAN,Grouped,False
1243462102,SANBORN STONE SUB IN,SANBORN STONE SUB IN,SANBORN STONE IN,Grouped,True
1243462021,SANDS O SEA DELRAY BEACH IN,SANDS O SEA DELRAY,SANDS O SEA,Grouped,True
1243461670,WINSTON COND DECL FILED 3-4-80,SAVOY COND DECL FILED,SAVOY COND FILED,Grouped,True
1243461669,SAVOY COND DECL FILED 3-4-80,SAVOY COND DECL FILED,SAVOY COND FILED,Grouped,True
1243461622,S/D OF 16-46-43 FRAC E 1/2,SD OF 164643 W,SD OF 164643,Grouped,True
1243461630,S/D OF 16-46-43 LYG E OF CNL PER MAP OF TOWN OF LINTON,SD OF 164643 W,SD OF 164643,Grouped,True
1243462117,"S/D OF 21-46-43, GOV LTS 2 & 3 IN",SD OF 164643 LYG,SD OF 164643,Grouped,True
1243461742,S/D OF 17-46-43 IN,SD OF 164643 W,SD OF 164643,Grouped,True
1243462907,S/D OF 29-46-43 FRAC SECTION,SD OF 164643 FRAC,SD OF 164643,Grouped,True
1243461743,"S/D OF 17-46-43, N 1/2 OF SE 1/4 OF SE 1/4 OF SW 1/4 UNREC",SD OF 174643 IN,SD OF 174643,Grouped,True
1243462811,"S/D OF 28/29-46-43, REV PL OF  PORTIONS IN",SD OF 28294643 REV,SD OF 28294643,Grouped,True
1243463212,S/D OF 32-46-43 AS,SD OF 294643 FRAC,SD OF 294643,Grouped,True
1243460821,S/D OF 8-46-43,SD OF 84643 S,SD OF 84643,Grouped,True
1243460939,S/D OF 9-46-43 IN,SD OF 84643 S,SD OF 84643,Grouped,True
1243460817,"S/D OF 8-46-43, S 1/2 OF E 1/2 OF LOT 8 IN",SD OF 84643 S,SD OF 84643,Grouped,True
1243461616,"S/D OF 16-46-43, W 170 FT OF N 1/2 OF BLK 164 IN",SD OF 84643 S,SD OF 84643,Grouped,True
12434616A2,SEA FIELDS CLUB INC 300 S OCEAN BLVD DELRAY BEACH FL,SEA FIELDS CLUB INC,SEA FIELDS CLUB,Grouped,True
1243461624,SEA SPRAY ESTATES,SEA SPRAY ESTATES,SEA SPRAY ESTATES,Grouped,False
12434616G2,SEABREEZE ISLES,SEABREEZE ISLES,SEABREEZE ISLES,Grouped,False
12434616A6,SEABREEZE OF DELRAY COND DECL  FILED 10-7-86 OR5029P1339,SEABREEZE OF DELRAY COND,SEABREEZE OF DELRAY,Grouped,True
1243461620,SEABREEZE PARK DELRAY IN,SEABREEZE PARK DELRAY IN,SEABREEZE PARK DELRAY,Grouped,True
1243460426,SEACREST BLVD CONTINUING PRESBYTERIAN CHURCH,SEACREST BLVD CONTINUING PRESBYTERIAN,SEACREST BLVD CONTINUING,Grouped,True
1243461623,SEACREST HOTEL CORP IN,SEACREST HOTEL CORP IN,SEACREST HOTEL CORP,Grouped,True
12434616E3,SEACREST HOTEL PROP PL 2,SEACREST HOTEL CORP IN,SEACREST HOTEL CORP,Grouped,True
1243460415,SEACREST SUB IN,SEACREST SUB IN,SEACREST IN,Grouped,True
1243460421,SEACREST PARK IN,SEACREST PARK IN,SEACREST PARK IN,Grouped,False
1243462146,SEAGATE ARMS,SEAGATE ARMS,SEAGATE ARMS,Grouped,False
1243462158,SEAGATE COND,SEAGATE COND,SEAGATE COND,Grouped,False
1243462108,SEAGATE EXT IN,SEAGATE EXT IN,SEAGATE EXT IN,Grouped,False
12434616L5,SEAGATE HOTEL ON ATLANTIC,SEAGATE HOTEL ON ATLANTIC,SEAGATE HOTEL ON,Grouped,True
1243461645,SEAGATE TOWERS COND DECL IN,SEAGATE MANOR COND DECL,SEAGATE MANOR COND,Grouped,True
1243461639,SEAGATE MANOR COND DECL IN,SEAGATE MANOR COND DECL,SEAGATE MANOR COND,Grouped,True
1243462181,SEAGATE RESIDENCES CONDO,SEAGATE RESIDENCES CONDO,SEAGATE RESIDENCES CONDO,Grouped,False
1243462107,SEAGATE SEC B IN,SEAGATE SEC A IN,SEAGATE SEC A,Grouped,True
1243462106,SEAGATE SEC A IN,SEAGATE SEC A IN,SEAGATE SEC A,Grouped,True
1243462186,SEAGATE VILLAS,SEAGATE VILLAS,SEAGATE VILLAS,Grouped,False
12434616M9,SEAGATE YACHT CLUB,SEAGATE YACHT CLUB,SEAGATE YACHT CLUB,Grouped,False
12434616P4,SEAGLASS COTTAGES,SEAGLASS COTTAGES,SEAGLASS COTTAGES,Grouped,False
12434616M3,SEASIDE,SEASIDE,SEASIDE,Grouped,False
1243462875,SEASIDE DUNES,SEASIDE DUNES,SEASIDE DUNES,Grouped,False
1243460961,SEASTONE COND APTS,SEASTONE COND APTS,SEASTONE COND APTS,Grouped,False
1243462148,SEAWAY VILLAS OF DELRAY BEACH  A COND DECL FILED 11-20-84,SEAWAY VILLAS OF DELRAY,SEAWAY VILLAS OF,Grouped,True
1243461607,SEESTEDT STEVENS SUB,SEESTEDT STEVENS SUB,SEESTEDT STEVENS,Grouped,True
1243460965,SEGER'S ADDITION TO DELRAY BEACH FL,SEGERS ADDITION TO DELRAY,SEGERS ADDITION TO,Grouped,True
1243462006,SELLERS ADD IN,SEGERS ADD IN,SEGERS IN,Grouped,True
1243460938,SEGERS ADD IN,SEGERS ADD IN,SEGERS IN,Grouped,True
1243460937,SEGERS ADD IN,SEGERS ADD IN,SEGERS IN,Grouped,True
1243462052,SELLERS REPL,SELLERS REPL,SELLERS,Grouped,True
1243463310,SERENA VISTA COND,SERENA VISTA COND,SERENA VISTA COND,Grouped,False
1243461943,SEVEN SEVENTY 17TH AVE COND DECL FILED 6-6-89 IN OR6089P17 07,SEVEN SEVENTY 17TH AVE,SEVEN SEVENTY 17TH,Grouped,True
1242462412,SHADYWOODS PHASE ONE,SHADYWOODS PHASE ONE,SHADYWOODS PHASE ONE,Grouped,False
1242462413,SHADYWOODS PHASE TWO,SHADYWOODS PHASE ONE,SHADYWOODS PHASE ONE,Grouped,True
1242461325,SHERWOOD FOREST PL 1,SHERWOOD FOREST PL 1,SHERWOOD FOREST 1,Grouped,True
1243462072,SHERWOOD GARDENS CONDOMINIUM,SHERWOOD GARDENS CONDOMINIUM,SHERWOOD GARDENS CONDOMINIUM,Grouped,False
1243462923,SHERWOOD HONDA,SHERWOOD HONDA,SHERWOOD HONDA,Grouped,False
1242462401,SHERWOOD PARK IN,SHERWOOD PARK IN,SHERWOOD PARK IN,Grouped,False
1243461905,HOMEWOOD PARK IN,SHERWOOD PARK IN,SHERWOOD PARK IN,Grouped,True
1242462402,SHERWOOD PARK REPL IN,SHERWOOD PARK IN,SHERWOOD PARK IN,Grouped,True
1243462882,SHERWOOD PONTIAC PL 1,SHERWOOD PONTIAC PL 1,SHERWOOD PONTIAC 1,Grouped,True
1243460981,SHOREWALKER PLACE,SHOREWALKER PLACE,SHOREWALKER PLACE,Grouped,False
1243462069,SIEMENS EVERT SERVICE CAMPUS,SIEMENS EVERT SERVICE CAMPUS,SIEMENS EVERT SERVICE,Grouped,True
1243462113,SILVER TERRACE DELRAY IN,SILVER TERRACE DELRAY IN,SILVER TERRACE DELRAY,Grouped,True
12434616C3,SIMMONS CAY,SIMMONS CAY,SIMMONS CAY,Grouped,False
12434616D7,SLOAN HAMMOCK LAND COND DECL FILED 5/21/96 OR9271P258,SLOAN HAMMOCK LAND COND,SLOAN HAMMOCK LAND,Grouped,True
1243460915,SNOW HILL IN,SNOW HILL IN,SNOW HILL IN,Grouped,False
12434616N1,SOFA DELRAY 1,SOFA DELRAY 1,SOFA DELRAY 1,Grouped,False
12434616N2,SOFA DELRAY 2,SOFA DELRAY 1,SOFA DELRAY 1,Grouped,True
1243462865,SOUTH CASTLE TOWNHOMES,SOUTH CASTLE TOWNHOMES,SOUTH CASTLE TOWNHOMES,Grouped,False
1243461859,SOUTH CONGRESS COMMERCE CENTER CONDOMINIUM,SOUTH CONGRESS COMMERCIAL CENTER,SOUTH CONGRESS COMMERCIAL,Grouped,True
1243461857,SOUTH CONGRESS COMMERCIAL CENTER,SOUTH CONGRESS COMMERCIAL CENTER,SOUTH CONGRESS COMMERCIAL,Grouped,True
1242462514,SOUTH COUNTY MENTAL HEALTH CENTER,SOUTH COUNTY MENTAL HEALTH,SOUTH COUNTY MENTAL,Grouped,True
1242462512,SOUTH COUNTY PROFESSIONAL CENTRE DECL FILED 9-25-86 IN OR5016,SOUTH COUNTY PROFESSIONAL CENTRE,SOUTH COUNTY PROFESSIONAL,Grouped,True
1243461767,SOUTH COURTHOUSE COMPLEX EXPANSION,SOUTH COURTHOUSE COMPLEX EXPANSION,SOUTH COURTHOUSE COMPLEX,Grouped,True
1243462852,SOUTH DELRAY SHOPPING CENTER,SOUTH DELRAY SHOPPING CENTER,SOUTH DELRAY SHOPPING,Grouped,True
1243462155,SOUTH OCEAN PARK,SOUTH OCEAN PARK,SOUTH OCEAN PARK,Grouped,False
1243462137,SOUTH SHORE CLUB CONDO (DEACTIVATED),SOUTH SHORE CLUB CONDO,SOUTH SHORE CLUB,Grouped,True
1243461005,SOUTHAMPTON CO-OP INC,SOUTHAMPTON COOP INC,SOUTHAMPTON COOP INC,Grouped,True
1243462017,SOUTHRIDGE PL 3 IN,SOUTHRIDGE PL 1 2,SOUTHRIDGE 1 2,Grouped,True
1243462013,SOUTHRIDGE PL 1 & 2,SOUTHRIDGE PL 1 2,SOUTHRIDGE 1 2,Grouped,True
1243462044,SOUTHRIDGE CONDO,SOUTHRIDGE CONDO,SOUTHRIDGE CONDO,Grouped,False
1243462046,SOUTHRIDGE CONDOMINIUM (DEACTIVATED),SOUTHRIDGE CONDOMINIUM DEACTIVATED,SOUTHRIDGE CONDOMINIUM DEACTIVATED,Grouped,True
1243462039,SOUTHRIDGE VILLAGE COND DECL FILED 3-12-82,SOUTHRIDGE VILLAGE COND DECL,SOUTHRIDGE VILLAGE COND,Grouped,True
1243461752,SOUTHWERK AT THE TABARD PLAT,SOUTHWERK AT THE TABARD,SOUTHWERK AT THE,Grouped,True
1243460828,SPADY S D PLAT,SPADY S D PLAT,SPADY S D,Grouped,True
1243461671,SPANISH RIVER RESORT & BEACH CLUB COND,SPANISH RIVER RESORT BEACH,SPANISH RIVER RESORT,Grouped,True
1243462832,"SPANISH TRAIL APTS COND LTS 473,474,475 & 476 TROPIC ISLES SUBD SEC 4 (PB25P70) AS",SPANISH TRAIL APTS COND,SPANISH TRAIL APTS,Grouped,True
1243462884,SPANISH TRAIL DOGWOOD TOWNHOMES,SPANISH TRAIL DOGWOOD TOWNHOMES,SPANISH TRAIL DOGWOOD,Grouped,True
1242462504,SPANISH WELLS COND I,SPANISH WELLS COND II,SPANISH WELLS COND,Grouped,True
1242462503,SPANISH WELLS COND II DECL FILED 2-22-79 OR,SPANISH WELLS COND II,SPANISH WELLS COND,Grouped,True
1243461868,SPODAK DENTAL OFFICE,SPODAK DENTAL OFFICE,SPODAK DENTAL OFFICE,Grouped,False
1243463034,SPRING HARBOR COND DECL FILED  6-4-91 IN OR6846 P327,SPRING HARBOR COND DECL,SPRING HARBOR COND,Grouped,True
1243460997,ST. GEORGE,ST GEORGE,ST GEORGE,Grouped,True
1243461839,ST MARY THE VIRGIN CHURCH,ST MARY THE VIRGIN,ST MARY THE,Grouped,True
1243462938,ST TROPEZ AT DELRAY BEACH,ST TROPEZ AT DELRAY,ST TROPEZ AT,Grouped,True
1243462939,ST TROPEZ CONDO,ST TROPEZ CONDO,ST TROPEZ CONDO,Grouped,False
12434609A8,STAMM 917 NE 8TH AVENUE,STAMM 917 NE 8TH,STAMM 917 NE,Grouped,True
12434616A4,STONE HEDGE,STONE HEDGE,STONE HEDGE,Grouped,False
1243462070,STONE STATION FLORIDA INC,STONE STATION FLORIDA INC,STONE STATION FLORIDA,Grouped,True
1243462068,STORAGE AMERICA,STORAGE AMERICA,STORAGE AMERICA,Grouped,False
1243461838,STOR-ALL CONDOMINIUM DECL FILED 1-5-87 IN OR5129P1906,STORALL CONDOMINIUM DECL FILED,STORALL CONDOMINIUM FILED,Grouped,True
12434616J1,STRAND DELRAY,STRAND DELRAY,STRAND DELRAY,Grouped,False
12434616D9,STRATFORD ATTA BOWE PL,STRATFORD ATTA BOWE PL,STRATFORD ATTA BOWE,Grouped,True
1243462022,STRICKLAND SUB IN,STRICKLAND SUB IN,STRICKLAND IN,Grouped,True
1242461330,SUAREZ DELRAY MOBIL,SUAREZ DELRAY MOBIL,SUAREZ DELRAY MOBIL,Grouped,False
1243461806,SUDAN UNIT A IN,SUDAN UNIT A IN,SUDAN UNIT A,Grouped,True
12434616B4,SUNDY & CROMER AMND PL,SUNDY CROMER AMND PL,SUNDY CROMER,Grouped,True
1243461755,SUNDY ESTATES (DEACTIVATED),SUNDY ESTATES DEACTIVATED,SUNDY ESTATES DEACTIVATED,Grouped,True
1243462010,SUNDY & TENBROOK ADD TO DELRAY IN,SUNDY TENBROOK ADD TO,SUNDY TENBROOK TO,Grouped,True
12434616Q6,SUNDY VILLAGE,SUNDY VILLAGE,SUNDY VILLAGE,Grouped,False
1242461206,SUNFLOWER DELRAY SEC 1,SUNFLOWER DELRAY SEC 1,SUNFLOWER DELRAY SEC,Grouped,True
1242461210,SUNFLOWER DELRAY SEC 1 REPLAT,SUNFLOWER DELRAY SEC 1,SUNFLOWER DELRAY SEC,Grouped,True
1243462023,SUNNY ACRES IN,SUNNY ACRES IN,SUNNY ACRES IN,Grouped,False
1243462026,SUNNY HGTS AMENDED IN,SUNNY HGTS AMENDED IN,SUNNY HGTS AMENDED,Grouped,True
1243462011,SUNNYSIDE PARK IN,SUNNYSIDE PARK IN,SUNNYSIDE PARK IN,Grouped,False
1243460452,SUNRISE OF DELRAY,SUNRISE OF DELRAY,SUNRISE OF DELRAY,Grouped,False
1242461321,SUNSET PINES COND,SUNSET PINES COND,SUNSET PINES COND,Grouped,False
1243461933,SUNSET POINTE PB45P59,SUNSET POINTE PB45P59,SUNSET POINTE PB45P59,Grouped,False
1243462170,SWINTON PLACE,SWINTON ACRES,SWINTON ACRES,Grouped,True
1243462071,SWINTON GARDENS,SWINTON ACRES,SWINTON ACRES,Grouped,True
1243460846,SWINTON ACRES,SWINTON ACRES,SWINTON ACRES,Grouped,False
1243460920,SWINTON HGTS D B IN,SWINTON HGTS D B,SWINTON HGTS D,Grouped,True
1243462145,SWINTON OAKS,SWINTON OAKS,SWINTON OAKS,Grouped,False
1243461682,TALBOT HOUSE III COND DECL FILED 7-12-84 IN,TALBOT HOUSE III COND,TALBOT HOUSE III,Grouped,True
1243461828,TEMPLE SINAI OF PALM BEACH COUNTY,TEMPLE SINAI OF PALM,TEMPLE SINAI OF,Grouped,True
12434616P5,TEN TWENTY LANGER,TEN TWENTY LANGER,TEN TWENTY LANGER,Grouped,False
1243462067,TENTH STREET COMMERCE PARK,TENTH STREET COMMERCE PARK,TENTH STREET COMMERCE,Grouped,True
1243462073,TENTH STREET COMMERCE PARK PL 2,TENTH STREET COMMERCE PARK,TENTH STREET COMMERCE,Grouped,True
12434616J5,TERRACES AT DELRAY,TERRACES AT DELRAY,TERRACES AT DELRAY,Grouped,False
1243461675,THREE FIFTY FIVE BUILDING COND DECL FILED 11-18-81,THREE FIFTY FIVE BUILDING,THREE FIFTY FIVE,Grouped,True
12434616P6,THREE HUNDRED ONE,THREE HUNDRED ONE,THREE HUNDRED ONE,Grouped,False
1243462944,TIERRA VERDE AT DELRAY BEACH CONDOMINIUM,TIERRA VERDE AT DELRAY,TIERRA VERDE AT,Grouped,True
1243460820,TOTTERDALE ADD IN,TOTTERDALE ADD IN,TOTTERDALE IN,Grouped,True
1243461725,TOURIST NOOK DELRAY IN,TOURIST NOOK DELRAY IN,TOURIST NOOK DELRAY,Grouped,True
1243462913,"TOWN & COUNTRY ESTATES COND PHASES I,II,III&IV",TOWN COUNTRY ESTATES COND,TOWN COUNTRY ESTATES,Grouped,True
12434616F5,TOWN PLACE AT DELRAY,TOWN PLACE AT DELRAY,TOWN PLACE AT,Grouped,True
1243461938,LINTON SQUARE,TOWN SQUARE,TOWN SQUARE,Grouped,True
12434616E8,TOWN SQUARE,TOWN SQUARE,TOWN SQUARE,Grouped,False
12434616Q4,TOWNHOMES AT 214 4TH,TOWNHOMES AT 214 4TH,TOWNHOMES AT 214,Grouped,True
1243462926,TRANSFER STATION PL,TRANSFER STATION PL,TRANSFER STATION,Grouped,True
1243462826,"TROPIC BAY COND 1,2,3,4,5,6,7, 8,9,10,11,16 & 17",TROPIC BAY COND 1234567,TROPIC BAY COND,Grouped,True
1243462831,TROPIC BAY IN,TROPIC BAY IN,TROPIC BAY IN,Grouped,False
1243462897,TROPIC CAY 2,TROPIC CAY 2,TROPIC CAY 2,Grouped,False
1243462891,TROPIC CAY (DEACTIVATED),TROPIC CAY DEACTIVATED,TROPIC CAY DEACTIVATED,Grouped,True
1243462910,TROPIC GARDENS,TROPIC GARDENS,TROPIC GARDENS,Grouped,False
1243462818,TROPIC HARBOR COND PART TWO DECL IN,TROPIC HARBOR COND PART,TROPIC HARBOR COND,Grouped,True
1243462820,TROPIC HARBOR COND PART FOUR DECL IN,TROPIC HARBOR COND PART,TROPIC HARBOR COND,Grouped,True
1243462822,TROPIC HARBOR COND PART FIVE DECL IN,TROPIC HARBOR COND PART,TROPIC HARBOR COND,Grouped,True
1243462817,TROPIC HARBOR COND PART ONE DECL IN,TROPIC HARBOR COND PART,TROPIC HARBOR COND,Grouped,True
1243462827,TROPIC HARBOR COND PART SIX DECL IN,TROPIC HARBOR COND PART,TROPIC HARBOR COND,Grouped,True
1243462828,TROPIC HARBOR COND PART SEVEN  DECL IN,TROPIC HARBOR COND PART,TROPIC HARBOR COND,Grouped,True
1243462819,TROPIC HARBOR COND PART THREE  DECL IN,TROPIC HARBOR COND PART,TROPIC HARBOR COND,Grouped,True
1243462803,TROPIC ISLE 3RD SEC IN PB 25 PGS 36 & 37,TROPIC ISLE 2ND SEC,TROPIC ISLE 2ND,Grouped,True
1243462802,TROPIC ISLE 2ND SEC,TROPIC ISLE 2ND SEC,TROPIC ISLE 2ND,Grouped,True
1243462804,TROPIC ISLE 4TH SEC IN PB 25 PGS 69 & 70,TROPIC ISLE 3RD SEC,TROPIC ISLE 3RD,Grouped,True
1243462838,TROPIC ISLE 5TH SEC,TROPIC ISLE 4TH SEC,TROPIC ISLE 4TH,Grouped,True
1243462855,TROPIC ISLE 6TH SEC,TROPIC ISLE 5TH SEC,TROPIC ISLE 5TH,Grouped,True
1243462856,TROPIC ISLE 7TH SEC,TROPIC ISLE 6TH SEC,TROPIC ISLE 6TH,Grouped,True
1243462866,TROPIC ISLES 2ND SEC REPL LTS 120 & 121,TROPIC ISLE 7TH SEC,TROPIC ISLE 7TH,Grouped,True
1243463210,TROPIC ISLE HARBOR SHOPPING CENTER IN,TROPIC ISLE HARBOR SHOPPING,TROPIC ISLE HARBOR,Grouped,True
1243462801,TROPIC ISLE IN,TROPIC ISLE IN,TROPIC ISLE IN,Grouped,False
1243462890,TROPIC ISLES TOWNHOMES REPL,TROPIC ISLES TOWNHOMES,TROPIC ISLES TOWNHOMES,Grouped,True
1243462889,TROPIC ISLES TOWNHOMES,TROPIC ISLES TOWNHOMES,TROPIC ISLES TOWNHOMES,Grouped,False
1243462902,TROPIC PALMS PL 1 IN PB 25 PGS 99 TO 102 INC,TROPIC PALMS PL 1,TROPIC PALMS 1,Grouped,True
1243462903,TROPIC PALMS REPL OF PL 1 IN,TROPIC PALMS PL 1,TROPIC PALMS 1,Grouped,True
1243462905,TROPIC PALMS PL 3 IN PB 25 PGS 137 TO 139 INC,TROPIC PALMS PL 2,TROPIC PALMS 2,Grouped,True
1243462906,TROPIC PALMS PL 4 IN PB 25 PGS 140 & 141,TROPIC PALMS PL 3,TROPIC PALMS 3,Grouped,True
1243462914,TROPIC PALMS PLAT 2 REPLAT,TROPIC PALMS PL 4,TROPIC PALMS 4,Grouped,True
1243462904,TROPIC PALMS PL 2 IN PB 25 PGS 135 & 136,TROPIC PALMS REPL OF,TROPIC PALMS OF,Grouped,True
1243463306,TROPIC TOWERS IN,TROPIC TOWERS IN,TROPIC TOWERS IN,Grouped,False
1243462859,TROPIC VIEW COND DECL FILED 5-29-85 IN OR4556P1916,TROPIC VIEW COND DECL,TROPIC VIEW COND,Grouped,True
1243462177,TURTLE BEACH PLAT,TURTLE BEACH PLAT,TURTLE BEACH PLAT,Grouped,False
1243462182,TURTLE BEACH SOUTH,TURTLE BEACH SOUTH,TURTLE BEACH SOUTH,Grouped,False
1243460949,TWELVE-O-TWO COND DECL FILED 1-16-80,TWELVEOTWO COND DECL FILED,TWELVEOTWO COND FILED,Grouped,True
1242462518,VALENCIA COURT,VALENCIA COURT,VALENCIA COURT,Grouped,False
1243460942,VALHALLA COND,VALHALLA COND,VALHALLA COND,Grouped,False
1243461676,VENETIAN DRIVE TOWNHOUSE COND  DECL FILED 5-13-81,VENETIAN DRIVE TOWNHOUSE COND,VENETIAN DRIVE TOWNHOUSE,Grouped,True
1243461681,VENETIAN VILLAGE COND DECL FILED 4-6-84,VENETIAN VILLAGE COND DECL,VENETIAN VILLAGE COND,Grouped,True
1243463024,VERONA WOODS,VERONA WOODS,VERONA WOODS,Grouped,False
12434616D3,VETERANS PARK,VETERANS PARK,VETERANS PARK,Grouped,False
12434616E1,VIA MARINA,VIA MARINA,VIA MARINA,Grouped,False
1243460836,VICTORIAN GARDENS,VICTORIAN GARDENS,VICTORIAN GARDENS,Grouped,False
1243462078,VILLAGE AT DELRAY,VILLAGE AT DELRAY,VILLAGE AT DELRAY,Grouped,False
1243462081,VILLAGE SQUARE AT DELRAY BEACH,VILLAGE AT DELRAY,VILLAGE AT DELRAY,Grouped,True
1243462075,VILLAGE AT SWINTON SQUARE,VILLAGE AT SWINTON SQUARE,VILLAGE AT SWINTON,Grouped,True
1243462077,VILLAGE AT SWINTON SQUARE CONDOMINIUM,VILLAGE AT SWINTON SQUARE,VILLAGE AT SWINTON,Grouped,True
12434616G5,VILLAGE GRANDE OF DELRAY BEACH,VILLAGE GRANDE OF DELRAY,VILLAGE GRANDE OF,Grouped,True
1242461334,VILLAS D ESTE,VILLAS D ESTE,VILLAS D ESTE,Grouped,False
12434616J2,VILLAS IN THE GROVE (DEACTIVATED),VILLAS IN THE GROVE,VILLAS IN THE,Grouped,True
1243462870,VILLAS OF OCEAN CREST,VILLAS OF OCEAN CREST,VILLAS OF OCEAN,Grouped,True
1243462184,VILLAS SOBRE DEL MAR,VILLAS SOBRE DEL MAR,VILLAS SOBRE DEL,Grouped,True
1243461625,VISTA DEL MAR DELRAY BCH IN,VISTA DEL MAR DELRAY,VISTA DEL MAR,Grouped,True
1243461940,VISTA LAGO COND 18-A DECL FILED 6-28-85 IN,VISTA LAGO COND 19ABC,VISTA LAGO COND,Grouped,True
1243461937,VISTA LAGO COND 19-ABC DECL FILED 11-5-84,VISTA LAGO COND 19ABC,VISTA LAGO COND,Grouped,True
1243462048,WALLACE BILL NISSAN (DEACTIVATED),WALLACE BILL NISSAN DEACTIVATED,WALLACE BILL NISSAN,Grouped,True
1243462062,WALLACE DODGE REPL (DEACTIVATED),WALLACE DODGE DEACTIVATED,WALLACE DODGE DEACTIVATED,Grouped,True
1243462076,WALLACE DRIVE COMMERCE CENTER CONDOMINIUM,WALLACE DRIVE COMMERCE CENTER,WALLACE DRIVE COMMERCE,Grouped,True
1243462074,WALLACE DRIVE COMMERCE CENTER,WALLACE DRIVE COMMERCE CENTER,WALLACE DRIVE COMMERCE,Grouped,True
1243462083,WALLACE FORD REPLAT,WALLACE FORD REPLAT,WALLACE FORD,Grouped,True
1243462060,WALLACE DODGE (DEACTIVATED),WALLACE FORD DEACTIVATED,WALLACE FORD DEACTIVATED,Grouped,True
1243462053,WALLACE FORD (DEACTIVATED),WALLACE FORD DEACTIVATED,WALLACE FORD DEACTIVATED,Grouped,True
12434616B7,WALLACE SQUARE,WALLACE SQUARE,WALLACE SQUARE,Grouped,False
1242462628,WALMART CENTER,WALMART CENTER,WALMART CENTER,Simple,False
1243462172,WASHINGTON MUTUAL DELRAY BEACH,WASHINGTON MUTUAL DELRAY BEACH,WASHINGTON MUTUAL DELRAY,Grouped,True
1243462941,WATERFORD PARK,WATERFORD PARK,WATERFORD PARK,Grouped,False
1243462927,WATERFORD VILLAGE,WATERFORD VILLAGE,WATERFORD VILLAGE,Grouped,False
1243460738,WATERS EDGE AT DELRAY BEACH,WATERS EDGE AT DELRAY,WATERS EDGE AT,Grouped,True
1243462120,WATERVIEW APTS COND DECL IN,WATERVIEW APTS COND DECL,WATERVIEW APTS COND,Grouped,True
1243461662,WATERWAY EAST COND,WATERWAY EAST COND,WATERWAY EAST COND,Grouped,False
1243461617,WATERWAY LANE IN,WATERWAY LANE IN,WATERWAY LANE IN,Grouped,False
1243460955,WATERWAY NORTH COND DECL FILED 3-17-82,WATERWAY NORTH COND DECL,WATERWAY NORTH COND,Grouped,True
1243461641,WEDGEWOOD ARMS COND DECL IN,WEDGEWOOD ARMS COND DECL,WEDGEWOOD ARMS COND,Grouped,True
1243461606,WELLBROCK SUB IN,WELLBROCK SUB IN,WELLBROCK IN,Grouped,True
1243461765,WEST SETTLERS CONDO,WEST SETTLERS CONDO,WEST SETTLERS CONDO,Grouped,False
1243461726,WEST SIDE HGTS DELRAY IN,WEST SIDE HGTS DELRAY,WEST SIDE HGTS,Grouped,True
12434616K1,WESTON PALMS CONDOMINIUM,WESTON PALMS CONDOMINIUM,WESTON PALMS CONDOMINIUM,Grouped,False
1243461621,WHEATLEYS SUB IN,WHEATLEYS SUB IN,WHEATLEYS IN,Grouped,True
1243461716,WHIDDENS SUB IN,WHIDDENS SUB IN,WHIDDENS IN,Grouped,True
1243463036,WHISPERING OAKS,WHISPERING OAKS,WHISPERING OAKS,Grouped,False
1243462173,WHITE COLUMNS CONDOMINIUM,WHITE COLUMNS CONDOMINIUM,WHITE COLUMNS CONDOMINIUM,Grouped,False
1243461733,WILLIAMS SUB IN,WILLIAMS SUB IN,WILLIAMS IN,Grouped,True
1243461656,WILLIAMSBURG INN COND,WILLIAMSBURG INN COND,WILLIAMSBURG INN COND,Grouped,False
1243461629,WILLIAMSON DEIBEL SUB IN,WILLIAMSON DEIBEL SUB IN,WILLIAMSON DEIBEL IN,Grouped,True
1243461655,WINDEMERE HOUSE COND,WINDEMERE HOUSE COND,WINDEMERE HOUSE COND,Grouped,False
12434616N4,WINDSOR,WINDSOR,WINDSOR,Grouped,False
1243461691,WINDSOR APTS INC,WINDSOR APTS INC,WINDSOR APTS INC,Grouped,False
12434616E4,WINDSOR COURT,WINDSOR COURT,WINDSOR COURT,Grouped,False
1242461202,WINDWARD PALMS,WINDWARD PALMS,WINDWARD PALMS,Grouped,False
1242461327,WINDYCREEK,WINDYCREEK,WINDYCREEK,Grouped,False
1242461220,WINTERPLACE PUD IN,WINTERPLACE PUD IN,WINTERPLACE PUD IN,Grouped,False
1243461931,WOODBROOKE COND 1 & 2 IN OR3252P322 & OR3432P719,WOODBROOKE COND 1 2,WOODBROOKE COND 1,Grouped,True
1243463005,WOODVUE,WOODVUE,WOODVUE,Grouped,False
12434616J3,WORTHING PLACE BLK 69,WORTHING PLACE BLK 69,WORTHING PLACE BLK,Grouped,True
12434616M1,WORTHING PLACE BLK 77 REPL,WORTHING PLACE BLK 69,WORTHING PLACE BLK,Grouped,True
12434616K6,WORTHING PLACE (DEACTIVATED),WORTHING PLACE DEACTIVATED,WORTHING PLACE DEACTIVATED,Grouped,True
1243461819,XYZ PLAT,XYZ PLAT,XYZ PLAT,Grouped,False
12434616L4,YACHT CLUB AT DELRAY BEACH (DEACTIVATED),YACHT CLUB AT DELRAY,YACHT CLUB AT,Grouped,True
1243460823,YE LITTLE WOOD,YE LITTLE WOOD,YE LITTLE WOOD,Grouped,False
1243461836,YU BROTHERS FOOD DIST FACILITY (DEACT),YU BROTHERS FOOD DIST,YU BROTHERS FOOD,Grouped,True
