Master PCN,Name,Book,Page,Year,Final Subdivision,Unified Subdivision
5043432328,177 179 MAIN STREET CONDO,24957,632,2012,177,177
5043441402,2100 COND AT SLOANS CURVE,3411,687,1981,2100 CONDOMINIUMS,2100 CONDOMINIUMS
5043431544,251 OLEANDER CONDO,26823,1119,2015,251 OLEANDER CONDOMINIUMS,251 OLEANDER CONDOMINIUMS
5043442320,2560 SOUTH OCEAN BOULEVARD CONDOMINIUM,20899,1,2007,2560 SOUTH OCEAN BOULEVARD CONDOMINIUMS,2560 SOUTH OCEAN BOULEVARD CONDOMINIUMS
5043432788,259 WORTH AVENUE CONDO,32033,541,2021,259 WORTH AVENUE CONDOMINIUMS,259 WORTH AVENUE CONDOMINIUMS
5043442311,2774 SOUTH OCEAN INC CO-OP,997,40,1987,2774 SOUTH OCEAN CO OP,2774 SOUTH OCEAN CO OP
5043431407,ADAMS ADD IN,7,68,1971,ADAMS,ADAMS
5043431408,ADAMS ADD REPL IN,16,9,1971,ADAMS,ADAMS
5043431502,ADAMS ADD REPL OF REPL OF LOTS 56 & 57 IN,26,3,1972,ADAMS ADD REPL OF REPL OF LOTS,ADAMS
5043431501,ADAMS CIRCLE REPL IN,24,229,1971,ADAMS CIRCLE,ADAMS CIRCLE
5043432752,ADAMS HOUSE,41,173,1982,ADAMS HOUSE,ADAMS HOUSE
5043431007,ALLARD SUB P B IN,23,186,1971,ALLARD PALM BEACH,ALLARD PALM BEACH
5043430308,ALTO LIDO,11,36,1971,ALTO LIDO,ALTO LIDO
5043442313,AMBASSADOR HOTEL CO-OP APTS INC (DEACTIVATED),997,20,1987,AMBASSADOR HOTEL CO OP APTS,AMBASSADOR HOTEL
5043442312,AMBASSADOR II CORP 2780 S OCEAN BLVD PALM BEACH FL,997,30,1987,AMBASSADOR II,AMBASSADOR II
5043431524,ATLANTIC PALMS COND,2835,1832,1979,ATLANTIC PALMS CONDOMINIUMS,ATLANTIC PALMS CONDOMINIUMS
5043443513,ATRIUMS OF PALM BEACH COND DECL FILED 2-22-79 OR3012P994  AMEND 3053P289,3012,994,1980,ATRIUMS OF PALM BEACH CONDOMINIUMS,ATRIUMS OF PALM BEACH CONDOMINIUMS
5043432743,AUSTRALIAN OF PALM BEACH COND,2335,1800,1975,AUSTRALIAN OF PALM BEACH CONDOMINIUMS,AUSTRALIAN OF PALM BEACH CONDOMINIUMS
5043431002,BAHAMA ADD IN,23,178,1971,BAHAMA,BAHAMA
5043442308,BEACH POINT COND DECL FILED 5-31-79,3069,708,1980,BEACH POINT CONDOMINIUMS,BEACH POINT CONDOMINIUMS
5043442611,BELLARIA CONDOMINIUM,20610,248,2007,BELLARIA CONDOMINIUMS,BELLARIA CONDOMINIUMS
5043430306,BELLO LIDO,11,37,1971,BELLO LIDO,BELLO LIDO
5043430307,BELLO LIDO RESUB,24,171,1971,BELLO LIDO,BELLO LIDO
5043432327,BERMUDA HOUSE CONDO,11210,367,2000,BERMUDA HOUSE CONDOMINIUMS,BERMUDA HOUSE CONDOMINIUMS
5043431011,BERMUDA LANE IN,23,165,1971,BERMUDA LANE,BERMUDA LANE
5043431428,BIENESTAR COND DECL FILED 4-28-86 IN OR4859P1368,4859,1368,1988,BIENESTAR CONDOMINIUMS,BIENESTAR CONDOMINIUMS
5043433505,BINGHAM COPP TR IN,18,6,1971,BINGHAM COPP TR,BINGHAM COPP TR
5043440210,BLOSSOM ESTATE REPL,54,127,1987,BLOSSOM ESTATE REPL,BLOSSOM ESTATE REPL
5043440212,BLOSSOM ESTATE REPLAT NO 2,133,33,2023,BLOSSOM ESTATE REPLAT,BLOSSOM ESTATE REPLAT
5043423402,BOCA RATONE CO INLET SUB,12,15,1971,BOCA RATONE CO INLET,BOCA RATONE CO INLET
5043423403,BOCA RATONE CO INLET SUB REV LAKE FRONT ADD,18,5,1971,BOCA RATONE CO INLET LAKE FRONT,BOCA RATONE CO INLET
5043433504,BOULEVARD ESTATES IN,21,96,1971,BOULEVARD ESTATES,BOULEVARD ESTATES
5043431006,BRAMS ADD IN,26,190,1971,BRAMS,BRAMS
5043432778,BRAZILIAN COURT HOTEL AND CONDOMINIUM,17278,1584,2005,BRAZILIAN COURT HOTEL AND CONDOMINIUMS,BRAZILIAN COURT HOTEL AND CONDOMINIUMS
5043432311,BRAZILIAN OF PALM BEACH CONDO,1815,1144,1973,BRAZILIAN OF PALM BEACH CONDOMINIUMS,BRAZILIAN OF PALM BEACH CONDOMINIUMS
5043432224,BREAKERS ROW PL NO 1 REPL,46,188,1984,BREAKERS ROW,BREAKERS ROW
5043431508,BUNGALOW PARK ADD IN,7,26,1971,BUNGALOW PARK,BUNGALOW PARK
5043442605,CARLTON PLACE COND DECL FILED  1-26-82,3664,635,1983,CARLTON PLACE CONDOMINIUMS,CARLTON PLACE CONDOMINIUMS
5043442304,CARLYLE HOUSE COND,2171,1,1974,CARLYLE HOUSE CONDOMINIUMS,CARLYLE HOUSE CONDOMINIUMS
5043432616,CASA 214 COND DECL FILED 12-2-82,3836,422,1983,CASA,CASA
5043432770,CASA ALEGRE COND,4960,1723,1989,CASA ALEGRE CONDOMINIUMS,CASA ALEGRE CONDOMINIUMS
5043440211,CASA APAVA,62,191,1990,CASA APAVA,CASA APAVA
5043431414,CASA BENDITA IN,27,22,1971,CASA BENDITA,CASA BENDITA
5043432309,CASA DEL LAGO COND PT OF LT 2 ALL LT 3 & PT OF LT 56 BLK 4 ROYAL PK ADD,1648,1201,1973,CASA DEL LAGO CONDOMINIUMS,CASA DEL LAGO CONDOMINIUMS
5043432775,CASA DEL LAGO CONDO,1648,1201,1969,CASA DEL LAGO CONDOMINIUMS,CASA DEL LAGO CONDOMINIUMS
5043432753,CASA ENCANTADA COND DECL FILED 5-12-82,3723,744,1983,CASA ENCANTADA CONDOMINIUMS,CASA ENCANTADA CONDOMINIUMS
5043432772,CASA VILLAGGIO COND FILED 2-25-93 IN OR 7602P425,7602,425,1995,CASA VILLAGGIO CONDOMINIUMS,CASA VILLAGGIO CONDOMINIUMS
5043432736,CASAS DE CARLOS CONDOMINIUM LTS 47 TO 56 INC BLK 3 ROYAL PARK ADD TO PALM BEACH,1877,1524,1973,CASAS DE CARLOS CONDOMINIUMS,CASAS DE CARLOS CONDOMINIUMS
5043430301,CAYUGA ESTATES PL 1,15,7,1971,CAYUGA ESTATES,CAYUGA ESTATES
5043430324,CAYUGA ESTATES PL 2,15,10,1989,CAYUGA ESTATES,CAYUGA ESTATES
5043432607,CHALET BY THE OCEAN COND,2210,407,1974,CHALET BY THE OCEAN CONDOMINIUMS,CHALET BY THE OCEAN CONDOMINIUMS
5043441525,"CHATEAU RAMBOUILLET IBIS ISLE CONDOMINIUM PAR OF LAND LYG IN LOTS 5, 6 &",1759,786,1973,CHATEAU RAMBOUILLET IBIS ISLE CONDOMINIUMS,CHATEAU CHANTILLY IBIS ISLE CONDOMINIUMS
5043441526,"CHATEAU CHANTILLY IBIS ISLE CONDOMINIUM PAR OF LAND LYG IN LOTS 2, 3 &",1779,1588,1973,CHATEAU CHANTILLY IBIS ISLE CONDOMINIUMS,CHATEAU CHANTILLY IBIS ISLE CONDOMINIUMS
5043441520,"CHATEAU CHAUMONT IBIS ISLE CONDOMINIUM PT OF LTS 12, 13 & 14 IBIS",1687,125,1973,CHATEAU CHAUMONT IBIS ISLE CONDOMINIUMS,CHATEAU CHAUMONT IBIS ISLE CONDOMINIUMS
5043441523,"CHATEAU CHEVERNY IBIS ISLE CONDOMINIUM PAR OF LAND IN LTS 8, 9, 10",1703,86,1973,CHATEAU CHEVERNY IBIS ISLE CONDOMINIUMS,CHATEAU CHEVERNY IBIS ISLE CONDOMINIUMS
5043431420,CHATEAUX ENCHANTE,29,158,1973,CHATEAUX ENCHANTE,CHATEAUX ENCHANTE
5043431009,CHERRY LANE IN,23,75,1971,CHERRY LANE,CHERRY LANE
5043432780,CHILEAN CONDOMINIUM OF PALM BEACH,21043,715,2007,CHILEAN CONDOMINIUMS,CHILEAN CONDOMINIUMS
5043432621,CHILIAN COURT COND,8707,1995,1996,CHILIAN COURT CONDOMINIUMS,CHILIAN COURT CONDOMINIUMS
5043443505,CLARIDGES I COND,2132,870,1975,CLARIDGES I CONDOMINIUMS,CLARIDGES I CONDOMINIUMS
5043443506,CLARIDGES II COND,2161,1223,1975,CLARIDGES II CONDOMINIUMS,CLARIDGES I CONDOMINIUMS
5043432202,COCOANUT GROVE,18,24,1971,COCOANUT GROVE,COCOANUT GROVE
5043432303,COLUMBUS COLONADE REV PL IN,10,7,1971,COLUMBUS COLONADE,COLUMBUS COLONADE
5043430318,CORAL ESTATES IN,22,27,1972,CORAL ESTATES,CORAL ESTATES
5043441101,CORLEY BEACH EST IN,24,227,1971,CORLEY BEACH ESTATE,CORLEY BEACH ESTATE
5043442305,COVE COND,2386,888,1976,COVE CONDOMINIUMS,COVE CONDOMINIUMS
5043431505,DAISY E ERBS ADD,9,75,1971,DAISY E ERBS,DAISY E ERBS
5043432751,DAISY GARDENS COND DECL FILED  1-27-81 ACK 10-7-80,3453,475,1981,DAISY GARDENS CONDOMINIUMS,DAISY GARDENS CONDOMINIUMS
5043431024,DODGE ESTATES IN,27,119,1971,DODGE ESTATES,DODGE ESTATES
5043442603,DORCHESTER OF PALM BEACH COND  DECL FILED 1-19-79,2994,1518,1980,DORCHESTER OF PALM BEACH CONDOMINIUMS,DORCHESTER OF PALM BEACH CONDOMINIUMS
5043432620,DOWN UNDER CONDOMINIUM DECL FILED 11-2-90,6649,877,1991,DOWN UNDER CONDOMINIUMS,DOWN UNDER CONDOMINIUMS
5043431402,DRAKE PARK,20,11,1981,DRAKE PARK,DRAKE PARK
5043432613,DUNSTER HOUSE COND,2985,745,1979,DUNSTER HOUSE CONDOMINIUMS,DUNSTER HOUSE CONDOMINIUMS
5043431413,DUPLEX COURT P B IN,14,15,1971,DUPLEX COURT PALM BEACH,DUPLEX COURT PALM BEACH
5043432304,EAST PLAZA IN,16,78,1971,EAST PLAZA,EAST PLAZA
5043431010,EAST SHORE ADD IN,21,14,1971,EAST SHORE,EAST SHORE
5043430319,EDEN PROPERTIES REPL IN,22,21,1971,EDEN PROPERTIES,EDEN PROPERTIES
5043430320,EDEN PROPERTIES IN,18,49,1971,EDEN PROPERTIES,EDEN PROPERTIES
5043423410,EDEN VILLA IN,6,79,1971,EDEN VILLA,EDEN VILLA
5043442317,EDGEWATER HOUSE CORP CO-OP (DEACTIVATED),997,270,1987,EDGEWATER HOUSE CO OP,EDGEWATER HOUSE CO OP
5043432705,EL BRAVO PARK,8,9,1971,EL BRAVO PARK,EL BRAVO PARK
5043432706,EL BRAVO PARK SUPP PL IN,9,9,1971,EL BRAVO PARK SUPP,EL BRAVO PARK
5043432707,EL BRAVO PARK RESUB IN,16,74,1971,EL BRAVO PARK,EL BRAVO PARK
5043432623,EL BRAVO SINGER ANNEX,124,116,2018,EL BRAVO SINGER ANNEX,EL BRAVO SINGER ANNEX
5043431008,EL DORADO PARK IN,24,236,1971,EL DORADO PARK,EL DORADO PARK
5043430201,EL ENCANTO IN,11,53,1971,EL ENCANTO,EL ENCANTO
5043430310,EL ENCANTO REPL IN,18,95,1971,EL ENCANTO,EL ENCANTO
5043430311,EL ENCANTO PL 2,13,14,1972,EL ENCANTO,EL ENCANTO
5043431419,EL MIRASOL IN,28,60,1971,EL MIRASOL,EL MIRASOL
5043431403,EL PARAISO IN,12,5,1971,EL PARAISO,EL PARAISO
5043432777,ELIOT HOUSE CONDOMINIUM,14291,604,2003,ELIOT HOUSE CONDOMINIUMS,ELIOT HOUSE CONDOMINIUMS
5043440209,EMERALD REPLAT OF REPLAT,45,177,1984,EMERALD REPLAT OF REPLAT,EMERALD REPLAT OF REPLAT
5043443524,EMERAUDE COND DECL FILED 3-30-82,3698,1673,1983,EMERAUDE CONDOMINIUMS,EMERAUDE CONDOMINIUMS
5043442608,ENCLAVE OF PALM BEACH COND DECL FILED 2-12-85 IN,4465,1901,1986,ENCLAVE OF PALM BEACH CONDOMINIUMS,ENCLAVE OF PALM BEACH CONDOMINIUMS
5043423407,ESPLANADE ESTS,12,13,1971,ESPLANADE ESTATES,ESPLANADE ESTATES
5043432701,EVERGLADES ISLAND IN,18,31,1971,EVERGLADES ISLAND,EVERGLADES ISLAND
5043432702,EVERGLADES ISLAND PL 2 IN,21,51,1971,EVERGLADES ISLAND,EVERGLADES ISLAND
5043432703,EVERGLADES ISLAND PL 3 IN,23,120,1971,EVERGLADES ISLAND,EVERGLADES ISLAND
5043432611,EVERGLADES PLAZA COND,2508,911,1977,EVERGLADES PLAZA CONDOMINIUMS,EVERGLADES PLAZA CONDOMINIUMS
5043430304,FIRST ADD TO PALM BEACH,6,90,1971,FIRST PALM BEACH,FIRST PALM BEACH
5043431511,FLORAL PARK,2,6,1971,FLORAL PARK,FLORAL PARK
5043431512,FLORAL PARK ADD 1 IN,5,28,1971,FLORAL PARK,FLORAL PARK
5043431513,FLORAL PARK ADD 2,6,38,1971,FLORAL PARK,FLORAL PARK
5043432231,FLORAL PARK,2,6,1971,FLORAL PARK,FLORAL PARK
5043432232,FLORAL PARK ADD NO 1,5,28,1971,FLORAL PARK,FLORAL PARK
5043432316,FLORAL PARK ADD 2,6,38,1971,FLORAL PARK,FLORAL PARK
5043431532,FONTANA PROPERTIES COND DECL FILED 7-23-84,4303,680,1985,FONTANA PROPERTIES CONDOMINIUMS,FONTANA PROPERTIES CONDOMINIUMS
5043432764,FOUR 55 WORTH AVE CORP 455 WORTH AVE PALM BEACH FL,997,340,1987,FOUR,FOUR
5043432606,"FOUR HUNDRED SO OCEAN BLVD CONDOMINIUM, LTS 33 TO 37 BLK 9 ROYAL PARK ADD",1151,500,1971,FOUR HUNDRED SO OCEAN BLVD CONDOMINIUMS,FOUR HUNDRED SO OCEAN BLVD CONDOMINIUMS
5043432745,FOUR-O-ONE WORTH AVE BLDG COND,2909,665,1979,FOUR O ONE WORTH AVE BLDG CONDOMINIUMS,FOUR O ONE WORTH AVE BLDG CONDOMINIUMS
5043432747,FOUR TWENTY FIVE CHILEAN COND  DECL FILED 6-29-79,3089,701,1980,FOUR TWENTY FIVE CHILEAN CONDOMINIUMS,FOUR TWENTY FIVE CHILEAN CONDOMINIUMS
5043431525,FRENCH NORMANDY COND,2961,1199,1979,FRENCH NORMANDY CONDOMINIUMS,FRENCH NORMANDY CONDOMINIUMS
5043431522,FRENCH VILLAS OF PALM BEACH COND DECL IN,1588,324,1973,FRENCH VILLAS OF PALM BEACH CONDOMINIUMS,FRENCH VILLAS OF PALM BEACH CONDOMINIUMS
5043432614,GALLERY PLACE COND DECL FILED  10-1-79,3165,1504,1980,GALLERY PLACE CONDOMINIUMS,GALLERY PLACE CONDOMINIUMS
5043432602,GOLF VIEW IN,7,69,1971,GOLF VIEW,GOLF VIEW
5043431507,GRACE TRAIL ADD IN,7,13,1971,GRACE TRAIL,GRACE TRAIL
5043431032,GRAHAM ECKES ACADEMY,66,105,1991,GRAHAM ECKES ACADEMY,GRAHAM ECKES ACADEMY
5043430313,GREGORY ADD & REPL PB16P71 & PB18P10,16,71,1971,GREGORY ADD REPL PB16P71 PB18P10,GREGORY ADD REPL PB16P71 PB18P10
5043443518,HALCYON OF PALM BEACH DECL FILED 3-10-80,3246,1156,1981,HALCYON OF PALM BEACH,HALCYON OF PALM BEACH
5043432223,HILL SUB,40,23,1981,HILL,HILL
5043441501,IBIS ISLE IN,24,84,1971,IBIS ISLE,IBIS ISLE
5043431537,IL LUGANO CONDOMINIUM,13642,1824,2003,IL LUGANO CONDOMINIUMS,IL LUGANO CONDOMINIUMS
5043432746,ISLAND HOUSE COND,2793,648,1979,ISLAND HOUSE CONDOMINIUMS,ISLAND HOUSE CONDOMINIUMS
5043432704,ISLAND RD DEV REV PL IN,18,35,1971,ISLAND RD DEV,ISLAND RD DEV
5043431531,ISLAND VILLAS COND DECL FILED  11-7-84 IN,4391,1,1985,ISLAND VILLAS CONDOMINIUMS,ISLAND VILLAS CONDOMINIUMS
5043431001,JAMAICA LANE IN,18,93,1971,JAMAICA LANE,JAMAICA LANE
5043431506,JEANETTE COURT ADD IN,10,15,1971,JEANETTE COURT,JEANETTE COURT
5043432708,JUNGLE POINT IN PB16P97 & JUNGLE POINT REV,18,21,1971,JUNGLE POINT IN PB16P97 JUNGLE POINT,JUNGLE POINT IN PB16P97 JUNGLE POINT
5043431415,KAWAMA LANE IN,27,56,1971,KAWAMA LANE,KAWAMA LANE
5043432608,KIRKLAND HOUSE COND,2303,654,1975,KIRKLAND HOUSE CONDOMINIUMS,KIRKLAND HOUSE CONDOMINIUMS
5043431533,L ERMITAGE PALM BEACH COND DECL FILED 10-7-85 IN,4671,1102,1986,L ERMITAGE PALM BEACH CONDOMINIUMS,L ERMITAGE PALM BEACH CONDOMINIUMS
5043443502,LA BONNE VIE COND DECL IN,1444,346,1973,LA BONNE VIE CONDOMINIUMS,LA BONNE VIE CONDOMINIUMS
5043432758,LA MAISONETTE OF PALM BEACH COND DECL FILED 12-5-83,4101,895,1985,LA MAISONETTE OF PALM BEACH CONDOMINIUMS,LA MAISONETTE OF PALM BEACH CONDOMINIUMS
5043442303,LA PALMA CONDOMINIUM 23-44-43 TR OF SUBMRG LD LYG W OF SR AIA & N OF LAKE AVE,2037,1238,1973,LA PALMA CONDOMINIUMS,LA PALMA CONDOMINIUMS
5043442601,LA RENAISSANCE NO 1 COND N 154.31 FT OF S 1054.31 FT OF GOV LT 2 LYG E OF SR A1A,1681,141,1973,LA RENAISSANCE,LA RENAISSANCE
5043440203,LAGOMAR PARK NO 1 IN,24,29,1971,LAGOMAR PARK,LAGOMAR PARK
5043440204,LAGOMAR PARK NO 2 IN,24,44,1971,LAGOMAR PARK,LAGOMAR PARK
5043432765,LAKE DRIVE CO-OP APTS INC 455 AUSTRALIAN AVE PALM BEACH FL,997,660,1987,LAKE DRIVE CO OP APTS,LAKE DRIVE CO OP APTS
5043431535,LAKE TOWERS COND DECL FILED 2-9-88 IN OR5569P946,5569,946,1989,LAKE TOWERS CONDOMINIUMS,LAKE TOWERS CONDOMINIUMS
5043432227,LAKE TRAIL ESTATES,62,86,1990,LAKE TRAIL ESTATES,LAKE TRAIL ESTATES
5043431036,LANDMARK ESTATES,111,63,2009,LANDMARK ESTATES,LANDMARK ESTATES
5043432773,LAS ALDEAS COND FILED 6-28-96,9331,441,1996,LAS ALDEAS CONDOMINIUMS,LAS ALDEAS CONDOMINIUMS
5043432622,LAS VENTANAS CONDO,24649,1723,2012,LAS VENTANAS CONDOMINIUMS,LAS VENTANAS CONDOMINIUMS
5043431005,LEIGHTONS SUB,1,85,1972,LEIGHTONS,LEIGHTONS
5043432313,LEVERETT HOUSE COND DECL FILED 9-22-82,3796,215,1983,LEVERETT HOUSE CONDOMINIUMS,LEVERETT HOUSE CONDOMINIUMS
5043432604,LIMA ADD IN,18,33,1971,LIMA,LIMA
5043431417,LINDA VISTA IN,28,34,1971,LINDA VISTA,LINDA VISTA
5043430316,LIST ADD NO 1 IN,24,179,1971,LIST,LIST
5043430317,LIST ADD NO 2 IN,25,4,1971,LIST,LIST
5043431422,LOS INCAS ADDITION,36,88,1980,LOS INCAS ADDITION,LOS INCAS ADDITION
5043432307,LOWELL HOUSE COND LTS 53 & 54 BLK H ROYAL PARK ADD (PB4P1),1610,425,1973,LOWELL HOUSE CONDOMINIUMS,LOWELL HOUSE CONDOMINIUMS
5043433508,LUCOM ADDITION,66,148,1991,LUCOM ADDITION,LUCOM ADDITION
5043432744,MAISON TROIS COND,2896,1403,1979,MAISON TROIS CONDOMINIUMS,MAISON TROIS CONDOMINIUMS
5043423404,MANANA ESTS PL NO 2,11,70,1971,MANANA ESTATES,MANANA ESTATES
5043423405,MANANA ESTS PL 3 AMND,16,8,1971,MANANA ESTATES,MANANA ESTATES
5043423406,MANANA ESTS AMND SUB OF PAR NO 3,16,48,1971,MANANA ESTATES OF PAR,MANANA ESTATES
5043430305,MC INTOSH HOMESITES P B IN,21,30,1971,MC INTOSH HOMESITES PALM BEACH,MC INTOSH HOMESITES PALM BEACH
5043432617,MELBORNE HOUSE COND DECL FILED 2-14-84,4160,1583,1985,MELBORNE HOUSE CONDOMINIUMS,MELBORNE HOUSE CONDOMINIUMS
5043442604,MERIDIAN OF PALM BEACH COND DECL FILED 7-2-81,3553,1512,1982,MERIDIAN OF PALM BEACH CONDOMINIUMS,MERIDIAN OF PALM BEACH CONDOMINIUMS
5043432618,MID OCEAN COND DECL FILED 10-16-85 IN,4679,1039,1987,MID OCEAN CONDOMINIUMS,MID OCEAN CONDOMINIUMS
5043431404,MIRAMAR PLAN AMNDED IN,6,55,1971,MIRAMAR PLAN AMNDED,MIRAMAR PLAN AMNDED
5043430309,MOCKINGBIRD TRAIL TRACT,18,7,1971,MOCKINGBIRD TRAIL TRACT,MOCKINGBIRD TRAIL TRACT
5043432766,NASSAU SQUARE APTS INC 381 S LAKE DR PALM BEACH FL,997,830,1987,NASSAU SQUARE APTS,NASSAU SQUARE APTS
5043430314,NEW SIEARS TR IN,16,86,1971,NEW SIEARS TR,NEW SIEARS TR
5043430315,NEW SIEARS TR REPL IN,18,37,1971,NEW SIEARS TR,NEW SIEARS TR
5043431430,NORTH COUNTY ROAD ESTATE PROPERTIES,122,125,2017,NORTH COUNTY ROAD ESTATE PROPERTIES,NORTH COUNTY ROAD ESTATE PROPERTIES
5043423408,NORTH SHORE ADD TO P B IN,20,62,1971,NORTH SHORE PALM BEACH,NORTH SHORE
5043423409,NORTH SHORE REPL IN,24,237,1971,NORTH SHORE,NORTH SHORE
5043431523,NUMBER ONE NORTH OCEAN COND,2478,927,1976,NUMBER ONE NORTH OCEAN CONDOMINIUMS,NUMBER ONE NORTH OCEAN CONDOMINIUMS
5043443515,OCEAN CAY OF PALM BEACH DECL FILED 12-13-79,3194,730,1980,OCEAN CAY OF PALM BEACH,OCEAN CAY OF PALM BEACH
5043432609,OCEAN COLONY PALM BEACH CONDO,2291,1213,1975,OCEAN COLONY PALM BEACH CONDOMINIUMS,OCEAN COLONY PALM BEACH CONDOMINIUMS
5043431102,OCEAN LANE IN,23,223,1971,OCEAN LANE,OCEAN LANE
5043431504,OCEAN PARK ADD 1 IN,9,62,1971,OCEAN PARK,OCEAN PARK
5043431410,OCEAN PARK H W ROBBINS ADD IN,6,78,1971,OCEAN PARK H W ROBBINS,OCEAN PARK H W ROBBINS
5043430303,OCEAN TERRACE IN,20,64,1971,OCEAN TERRACE,OCEAN TERRACE
5043431423,OCEAN TOWERS NORTH COND DECL FILED 1-8-80,3208,1913,1981,OCEAN TOWERS NORTH CONDOMINIUMS,OCEAN TOWERS
5043431424,OCEAN TOWERS SOUTH COND DECL FILED 1-8-80,3209,1,1981,OCEAN TOWERS SOUTH CONDOMINIUMS,OCEAN TOWERS
5043440202,OCEAN VIEW IN,21,16,1971,OCEAN VIEW,OCEAN VIEW
5043440201,OCEAN VISTA ADD IN,6,81,1971,OCEAN VISTA,OCEAN VISTA
5043432310,ONE ROYAL PALM WAY COND DECL IN,1717,898,1973,ONE ROYAL PALM WAY CONDOMINIUMS,ONE ROYAL PALM WAY CONDOMINIUMS
5043431503,ORANGE GROVE PARK IN,5,97,1980,ORANGE GROVE PARK,ORANGE GROVE PARK
5043423411,OSCEOLA WAY IN,23,131,1971,OSCEOLA WAY,OSCEOLA WAY
5043431028,PALAMA ESTATES,62,172,1990,PALAMA ESTATES,PALAMA ESTATES
5043432329,PALAZZO VILLAS OF PALM BEACH CONDO,29505,316,2018,PALAZZO VILLAS OF PALM BEACH CONDOMINIUMS,PALAZZO VILLAS OF PALM BEACH CONDOMINIUMS
5043431526,PALM BEACH ATLANTIC COND DECL  FILED 11-30-79,3185,888,1980,PALM BEACH ATLANTIC CONDOMINIUMS,PALM BEACH ATLANTIC CONDOMINIUMS
5043431529,PALM BEACH ATLANTIC CONDO (DEACTIVATED),3900,1742,1984,PALM BEACH ATLANTIC CONDOMINIUMS,PALM BEACH ATLANTIC CONDOMINIUMS
5043431527,PALM BEACH BILTMORE COND DECL  FILED 7-9-80,3323,176,1981,PALM BEACH BILTMORE CONDOMINIUMS,PALM BEACH BILTMORE CONDOMINIUMS
5043433506,PALM BEACH CAUSEWAY PARK REV IN,14,53,1971,PALM BEACH CAUSEWAY PARK,PALM BEACH CAUSEWAY PARK
5043442609,PALM BEACH HAMPTON COND DECL FILED 4-26-85 IN,4529,761,1986,PALM BEACH HAMPTON CONDOMINIUMS,PALM BEACH HAMPTON CONDOMINIUMS
5043431528,PALM BEACH HOTEL COND DECL 2-12-81,3464,200,1983,PALM BEACH HOTEL CONDOMINIUMS,PALM BEACH HOTEL CONDOMINIUMS
5043442606,"PALM BEACH RESORT & BEACH CLUB COND B3464P1474,B3676P486",3464,1474,1983,PALM BEACH RESORT BEACH CLUB CONDOMINIUMS,PALM BEACH RESORT BEACH CLUB CONDOMINIUMS
5043430312,PALM BEACH SHORES REV PL IN,16,87,1971,PALM BEACH SHORES,PALM BEACH SHORES
5043442309,PALM BEACH STRATFORD COND DECL FILED 5-18-79,3061,1788,1980,PALM BEACH STRATFORD CONDOMINIUMS,PALM BEACH STRATFORD CONDOMINIUMS
5043442319,PALM BEACH WHITE HOUSE NO 4 CONDOMINIUM,2321,552,2006,PALM BEACH WHITE HOUSE,PALM BEACH WHITE HOUSE
5043432218,PALM BEACH TOWERS COND,2207,1875,1974,PALM BEACH TOWERS CONDOMINIUMS,PALM BEACH TOWERS
5043441103,PALM BEACH ESTS PB IN,8,3,1971,PALM BEACH ESTATES PALM BEACH,PALM BEACH ESTATES 
5043441104,PALM BEACH WHITEHOUSE NO 3 PAR OF LAND LYG IN LTS 145 & 146 PALM BEACH ESTATES & PAR,1396,223,1973,PALM BEACH WHITEHOUSE,PALM BEACH WHITEHOUSE
5043442302,PALM BEACH WHITEHOUSE COND PT OF LT 145 PALM BEACH EST (PB8P3) & WLY EXTENSION OF LT,940,330,1973,PALM BEACH WHITEHOUSE CONDOMINIUMS,PALM BEACH WHITEHOUSE
5043433509,PALM GROVE,77,9,1996,PALM GROVE,PALM GROVE
5043442314,PALM WORTH INC 2850 S COUNTY RD PALM BEACH FL,997,1060,1987,PALM WORTH,PALM WORTH
5043432314,PALMA PLAZA COND DECL FILED 10-25-83 IN,4069,1130,1984,PALMA PLAZA CONDOMINIUMS,PALMA PLAZA CONDOMINIUMS
5043442610,PALMBEACHER APTS INC 3030 S COUNTY RD PALM BEACH FL,997,1070,1987,PALMBEACHER APTS,PALMBEACHER APTS
5043431426,PARANGON,45,75,1984,PARANGON,PARANGON
5043441102,PARC MONCEAU IN,26,150,1971,PARC MONCEAU,PARC MONCEAU
5043431534,PARC REGENT COND,5162,1756,1988,PARC REGENT CONDOMINIUMS,PARC REGENT CONDOMINIUMS
5043432767,PARK PLACE INC 369 S LAKE DR PALM BEACH FL,997,1080,1987,PARK PLACE,PARK PLACE
5043443503,"PATRICIAN OF PALM BEACH COND 35-44-43, N 275 FT OF S 826 FT OF GOV LT 1 & TH PT WLY",1888,1253,1973,PATRICIAN OF PALM BEACH CONDOMINIUMS,PATRICIAN OF PALM BEACH CONDOMINIUMS
5043432330,PELICAN LODGE CONDO,34676,1326,2024,PELICAN LODGE CONDOMINIUMS,PELICAN LODGE CONDOMINIUMS
5043432301,PENDELTON TR E G IN,10,67,1971,PENDELTON TR E G,PENDELTON TR E G
5043432302,PENDLETON TR E G RESUB IN,16,24,1971,PENDLETON TR E G,PENDLETON TR E G
5043432612,PERUVIAN COND,2497,1583,1977,PERUVIAN CONDOMINIUMS,PERUVIAN CONDOMINIUMS
5043432619,PERUVIAN COURT COND DECL FILED 11/29/89 OR6274P1178,6274,1178,1992,PERUVIAN COURT CONDOMINIUMS,PERUVIAN COURT CONDOMINIUMS
5043432739,PERUVIAN TERRACE COND,935,350,1974,PERUVIAN TERRACE CONDOMINIUMS,PERUVIAN TERRACE CONDOMINIUMS
5043431429,PHIPPS ESTATES,74,190,1996,PHIPPS ESTATES,PHIPPS ESTATES
5043432229,PHIPPS HOUSE COND DECL FILED 4-27-89,6046,1427,1990,PHIPPS HOUSE CONDOMINIUMS,PHIPPS HOUSE CONDOMINIUMS
5043432315,PHIPPS PLAZA COND DECL FILED 6-17-84 IN,4136,302,1985,PHIPPS PLAZA CONDOMINIUMS,PHIPPS PLAZA CONDOMINIUMS
5043432209,PLAZA PL IN,18,62,1971,PLAZA,PHIPPS PLAZA
5043432210,PHIPPS PLAZA IN,20,72,1971,PHIPPS PLAZA,PHIPPS PLAZA
5043432206,POINCIANA PARK IN,6,1,1980,POINCIANA PARK,POINCIANA PARK
5043432207,POINCIANA PARK 2ND ADD IN,6,86,1971,POINCIANA PARK 2ND,POINCIANA PARK
5043432208,POINCIANA PARK 3RD ADD IN,8,72,1971,POINCIANA PARK 3RD,POINCIANA PARK
5043432222,POLAN SUBDIVISION,36,63,1979,POLAN,POLAN
5043431023,POLMER PARK IN,27,53,1971,POLMER PARK,POLMER PARK
5043442301,PRESIDENT OF PALM BEACH COND DECL IN,1854,1234,1973,PRESIDENT OF PALM BEACH CONDOMINIUMS,PRESIDENT OF PALM BEACH CONDOMINIUMS
5043432203,PRIMAVERA ESTS (LAKE FRONT),7,32,1971,PRIMAVERA ESTATES LAKE FRONT,PRIMAVERA ESTATES LAKE FRONT
5043432204,PRIMAVERA ESTS (MIDDLE SEC),7,39,1971,PRIMAVERA ESTATES MIDDLE SEC,PRIMAVERA ESTATES MIDDLE SEC
5043432205,PRIMAVERA ESTS (OCEAN SEC),6,82,1971,PRIMAVERA ESTATES OCEAN SEC,PRIMAVERA ESTATES OCEAN SEC
5043431409,PROXIMITY PARK IN,2,9,1971,PROXIMITY PARK,PROXIMITY PARK
5043431004,RAFALSKY MARK IN,11,51,1971,RAFALSKY MARK,RAFALSKY MARK
5043431101,RAFALSKY MARK REPL IN,16,35,1971,RAFALSKY MARK,RAFALSKY MARK
5043431416,REEF ESTATES (DEACTIVATED),28,55,1980,REEF ESTATES,REEF ESTATES
5043441401,REEF COND,2307,1250,1975,REEF CONDOMINIUMS,REEF CONDOMINIUMS
5043442316,REGENCY OF PALM BEACH INC,997,1120,1987,REGENCY OF PALM BEACH,REGENCY OF PALM BEACH
5043432615,REGENCY SIX COND DECL FILED 12-7-79,3189,1800,1981,REGENCY SIX CONDOMINIUMS,REGENCY SIX CONDOMINIUMS
5043433507,REGENTS PARK IN,25,215,1971,REGENTS PARK,REGENTS PARK
5043441107,RESIDENCES AT SLOANS CURVE,3631,1836,2001,RESIDENCES AT SLOANS CURVE,RESIDENCES AT SLOANS CURVE
5043432201,REVERIE IN,7,61,1971,REVERIE,REVERIE
5043431412,ROOTS SUB IN,1,22,1972,ROOTS,ROOTS
5043432305,ROYAL PARK ADD TO P B IN,4,1,1973,ROYAL PARK PALM BEACH,ROYAL PARK PALM BEACH
5043442315,ROYAL SAXON INC 2840 S OCEAN BLVD PALM BEACH FL,997,1150,1987,ROYAL SAXON,ROYAL SAXON
5043423401,SEA ISLE ESTATES,25,89,1971,SEA ISLE ESTATES,SEA ISLE ESTATES
5043432603,SINGER ADD TO P B IN,8,81,1971,SINGER PALM BEACH,SINGER ADD
5043432217,SOUTHLAKE COND DECL IN,1542,94,1973,SOUTHLAKE CONDOMINIUMS,SOUTHLAKE CONDOMINIUMS
5043453349,SQUIRE HILL COND DEC OR317/96 IN OR9156P49,9156,49,1997,SQUIRE HILL CONDOMINIUMS,SQUIRE HILL CONDOMINIUMS
5043431406,STOTESBURY PARK REV IN,20,42,1971,STOTESBURY PARK,STOTESBURY PARK
5043431421,SUN & SURF ONE HUNDRED & ONE HUNDRED THIRTY CONDOS,2583,1391,1979,SUN SURF ONE HUNDRED ONE HUNDRED THIRTY CONDOS,SUN SURF
5043431509,SUNRISE AVE ADD,7,62,1971,SUNRISE AVE,SUNRISE AVE
5043431510,SUNRISE AVE ADD 2 IN,8,69,1971,SUNRISE AVE,SUNRISE AVE
5043432219,SUNSET COND APTS,2178,220,1974,SUNSET CONDOMINIUMS,SUNSET CONDOMINIUMS
5043442310,SUTTON PLACE COND DECL FILED 6-19-81,3544,1520,1982,SUTTON PLACE CONDOMINIUMS,SUTTON PLACE CONDOMINIUMS
5043431401,TANGIER ESTATES IN,12,16,1980,TANGIER ESTATES,TANGIER ESTATES
5043442607,THIRTY ONE TWENTY COND DECL FILED 7-28-83 IN,4002,250,1989,THIRTY ONE TWENTY CONDOMINIUMS,THIRTY ONE TWENTY CONDOMINIUMS
5043443519,THIRTY-THREE SIXTY CONDO,3280,1135,1981,THIRTY THREE SIXTY CONDOMINIUMS,THIRTY THREE SIXTY CONDOMINIUMS
5043442602,THIRTY TWO HUNDRED COND,2700,1175,1978,THIRTY TWO HUNDRED CONDOMINIUMS,THIRTY TWO HUNDRED CONDOMINIUMS
5043432763,THREE EIGHTY NINE CORP LESSEE  389 S LAKE DR PALM BEACH FL,997,700,1987,THREE EIGHTY NINE LESSEE,THREE EIGHTY NINE LESSEE
5043432226,THREE ELEVEN COCOANUT ROW COND DECL FILED 9-12-86 IN OR5003P1 835,5003,1835,1987,THREE ELEVEN COCOANUT ROW CONDOMINIUMS,THREE ELEVEN COCOANUT ROW CONDOMINIUMS
5043432610,THREE FIFTY COND,2484,764,1976,THREE FIFTY CONDOMINIUMS,THREE FIFTY CONDOMINIUMS
5043432755,THREE HUNDRED ONE CHILEAN AVE  COND DECL FILED 8-18-83 IN,4017,1518,1984,THREE HUNDRED ONE CHILEAN AVE CONDOMINIUMS,THREE HUNDRED ONE CHILEAN AVE CONDOMINIUMS
5043432326,THREE HUNDRED SOUTH OCEAN BLVD APTS INC 300 S OCEAN BLVD,997,1290,1987,THREE HUNDRED SOUTH OCEAN BLVD APTS,THREE HUNDRED SOUTH OCEAN BLVD APTS
5043432221,THREE HUNDRED THREE COND AS IN DECL IN,2701,1303,1978,THREE HUNDRED THREE CONDOMINIUMS,THREE HUNDRED THREE CONDOMINIUMS
5043432754,THREE THIRTY COCOANUT ROW COND DECL FILED 11-5-82,3820,1463,1983,THREE THIRTY COCOANUT ROW CONDOMINIUMS,THREE THIRTY COCOANUT ROW CONDOMINIUMS
5043432312,THREE THIRTY SOUTH OCEAN COND,2677,89,1978,THREE THIRTY SOUTH OCEAN CONDOMINIUMS,THREE THIRTY SOUTH OCEAN CONDOMINIUMS
5043432738,THREE TWENTY CHILEAN COND,1018,493,1974,THREE TWENTY CHILEAN CONDOMINIUMS,THREE TWENTY CHILEAN CONDOMINIUMS
5043432748,THREE TWENTY ONE SOUTH LAKE DR COND DECL FILED 10-2-79,3147,994,1983,THREE TWENTY ONE SOUTH LAKE DR CONDOMINIUMS,THREE TWENTY ONE SOUTH LAKE DR CONDOMINIUMS
5043441524,TOWER VALLANDRY IBIS ISLE CONDOMINIUM PAR OF LAND IN LOT 8 IBIS,1739,182,1973,TOWER VALLANDRY IBIS ISLE CONDOMINIUMS,TOWER VALLANDRY IBIS ISLE CONDOMINIUMS
5043441529,TOWER VALLENCAY OF IBIS ISLE CONDOMINIUM ISLE (PB24P84),1792,189,1973,TOWER VALLENCAY OF IBIS ISLE CONDOMINIUMS,TOWER VALLENCAY OF IBIS ISLE CONDOMINIUMS
5043441403,TRES VIDAS OF PALM BEACH,3267,420,1981,TRES VIDAS OF PALM BEACH,TRES VIDAS OF PALM BEACH
5043442307,TWENTY FIVE HUNDRED SOUTH OCEAN BLVD COND,2723,804,1978,TWENTY FIVE HUNDRED SOUTH OCEAN BLVD CONDOMINIUMS,TWENTY FIVE HUNDRED SOUTH OCEAN BLVD CONDOMINIUMS
5043442318,TWENTY SEVEN SEVENTY SOUTH OCEAN BOULEVARD COND DECL FILED 4-19-90,6425,490,1991,TWENTY SEVEN SEVENTY SOUTH OCEAN BOULEVARD CONDOMINIUMS,TWENTY SEVEN SEVENTY SOUTH OCEAN BOULEVARD CONDOMINIUMS
5043442306,TWENTY SIX HUNDRED COND,2786,25,1978,TWENTY SIX HUNDRED CONDOMINIUMS,TWENTY SIX HUNDRED CONDOMINIUMS
5043441404,TWENTY TWO NINETY FIVE SOUTH OCEAN BLVD CORP 2295 S OCEAN BLVD,997,500,1987,TWENTY TWO NINETY FIVE SOUTH OCEAN BLVD,TWENTY TWO NINETY FIVE SOUTH OCEAN BLVD
5043432756,TWO FORTY NINE PERUVIAN BLDG COND DECL FILED 6-16-83,3968,497,1984,TWO FORTY NINE PERUVIAN BLDG CONDOMINIUMS,TWO FORTY NINE PERUVIAN BLDG CONDOMINIUMS
5043432325,TWO NORTH BREAKERS ROW COND DECL FILED 8-29-86 IN OR4988 P846,4988,846,1987,TWO NORTH BREAKERS ROW CONDOMINIUMS,TWO NORTH BREAKERS ROW CONDOMINIUMS
5043431538,TWO THIRTY FOUR OLEANDER AVENUE CONDOMINIUM,14959,944,2004,TWO THIRTY FOUR OLEANDER AVENUE CONDOMINIUMS,TWO THIRTY FOUR OLEANDER AVENUE CONDOMINIUMS
5043441105,TWO THOUSAND COND AT SLOANS CURVE DECL FILED 12-21-81,3645,1027,1982,TWO THOUSAND CONDOMINIUMS,TWO THOUSAND CONDOMINIUMS
5043432248,VIA FLAGLER CONDO,30498,1476,2020,VIA FLAGLER CONDOMINIUMS,VIA FLAGLER CONDOMINIUMS
5043432769,VIA LELA OF WORTH AVE COND DECL FILED 6-5-87 IN OR5128P1725,5128,1725,1991,VIA LELA OF WORTH AVE CONDOMINIUMS,VIA LELA OF WORTH AVE CONDOMINIUMS
5043423414,VIA MANANA,48,77,1985,VIA MANANA,VIA MANANA
5043432771,VIA MIZNER NORTH & SOUTH CONDOS,7069,317,1992,VIA MIZNER NORTH SOUTH CONDOS,VIA MIZNER NORTH SOUTH CONDOS
5043440206,VIA PELICANO,37,183,1980,VIA PELICANO,VIA PELICANO
5043432762,VIA ROMA COND DECL FILED 7-3-86 IN OR4930 P1761,4930,1761,1987,VIA ROMA CONDOMINIUMS,VIA ROMA CONDOMINIUMS
5043433501,VIA VIZCAYA IN,16,83,1971,VIA VIZCAYA,VIA VIZCAYA
5043433502,VIA VIZCAYA ADD IN,23,48,1971,VIA VIZCAYA,VIA VIZCAYA
5043432768,VILL,997,132,1987,VILL,VILL
5043431530,VILLA D ESTE COND DECL FILED 1-21-83 IN,3866,935,1984,VILLA D ESTE CONDOMINIUMS,VILLA D ESTE CONDOMINIUMS
5043432308,VILLA DEL SUR APTS COND LT 36 & E 7 FT OF LT 37 BLK G ROYAL PARK ADD (PB4P1) IN,1666,789,1973,VILLA DEL SUR APTS,VILLA DEL SUR APTS
5043432774,VILLA FIORENTINA COND,9917,1651,1998,VILLA FIORENTINA CONDOMINIUMS,VILLA FIORENTINA CONDOMINIUMS
5043441522,VILLA LAC BEAU OF IBIS ISLE CONDOMINIUM LT J & LT 1 IBIS ISLE (PB124,1685,1261,1973,VILLA LAC BEAU OF IBIS ISLE CONDOMINIUMS,VILLA LAC BEAU OF IBIS ISLE CONDOMINIUMS
5043432601,VILLA MARINE,2,98,1980,VILLA MARINE,VILLA MARINE
5043431536,VILLA PLATI TOWNHOMES DECL FILED 2-26-90 IN OR6681P0197,6681,197,1993,VILLA PLATI TOWNHOMES IN OR6681P0197,VILLA PLATI TOWNHOMES IN OR6681P0197
5043441527,"VILLA RIDEAU IBIS ISLE CONDOMINIUM PAR OF LAND LYG IN LTS 3,4 & 5 IBIS ISLE",1778,1439,1973,VILLA RIDEAU IBIS ISLE CONDOMINIUMS,VILLA RIDEAU IBIS ISLE CONDOMINIUMS
5043441521,"VILLA SEREIN OF IBIS ISLE COND PAR LYG IN LTS 11, 12 & 13 IBIS ISLE (PB124P84) AS",1694,245,1973,VILLA SEREIN OF IBIS ISLE CONDOMINIUMS,VILLA SEREIN OF IBIS ISLE CONDOMINIUMS
5043441519,VILLA TAMBOUR IBIS ISLE COND N 20 FT OF LT A ALL LT C & PT OF LT 14 IN DECLARATION,1639,252,1973,VILLA TAMBOUR IBIS ISLE CONDOMINIUMS,VILLA TAMBOUR IBIS ISLE CONDOMINIUMS
5043433503,VITA SERENA IN,9,59,1976,VITA SERENA,VITA SERENA
5043431405,WALTON ADD P B REV,18,83,1971,WALTON ADD PALM BEACH,WALTON ADD PALM BEACH
5043430302,WALTON TR IN,18,8,1971,WALTON TR,WALTON TR
5043431425,WARDEN HOUSE COND DECL FILED 3-28-80,3259,929,1981,WARDEN HOUSE CONDOMINIUMS,WARDEN HOUSE CONDOMINIUMS
5043431418,WELLS CIRCLE REPLAT PB26P244 & PB28P52,26,244,1971,WELLS CIRCLE REPLAT PB26P244 PB28P52,WELLS CIRCLE REPLAT PB26P244 PB28P52
5043432306,WHITMORE SURVEY UNREC ON AM-69,999,690,1971,WHITMORE SURVEY UNREC ON AM,WHITMORE SURVEY UNREC ON AM
5043432605,WINTHROP HOUSE COND DECL IN,1865,847,1973,WINTHROP HOUSE CONDOMINIUMS,WINTHROP HOUSE CONDOMINIUMS
5043431026,WOODS LANDING PL 3 IN,30,65,1974,WOODS LANDING,WOODS LANDING
5043431003,WOODS LANDING PLAT NO 2 IN,26,100,1971,WOODS LANDING PLAT,WOODS LANDING